Gene,Lineage,Posterior_median_rho,HDI_low_95,HDI_high_95,P(rho<0),P(|rho|>ROPE),N_cell_lines,ESS_bulk,R_hat,FDR
HNF1B,Pleura,-0.95839153304754,-0.9848694216045688,-0.9085725742605038,1.0,1.0,21,769.0,1.0,0.0
ELMO3,Thyroid,-0.9468282911229928,-0.9909561142381832,-0.8311401910536884,1.0,1.0,11,655.0,1.0,0.0
TP63,Biliary Tract,-0.8795240342991915,-0.94706747547838,-0.7917769527208733,1.0,1.0,35,1160.0,1.0,0.0
MYC,Eye,-0.8618085889713316,-0.9702614110121126,-0.6821815471611326,1.0,1.0,15,683.0,1.01,0.0
MYC,Peripheral Nervous System,-0.8307871307336672,-0.9197360098594364,-0.7241062232719626,1.0,1.0,37,1133.0,1.0,0.0
HNF1B,Pancreas,-0.8210621217947516,-0.9135520959420668,-0.7098287564166266,1.0,1.0,45,1082.0,1.0,0.0
TP63,Bladder/Urinary Tract,-0.8118572444520319,-0.9118584127086456,-0.6782836568234221,1.0,1.0,34,1162.0,1.0,0.0
CMIP,Eye,-0.8053754205775727,-0.957759273899966,-0.5586458641189054,0.9995,0.9995,15,827.0,1.0,0.0358333333333293
TP63,Skin,-0.7947076228924962,-0.8718074532539846,-0.6994746059670605,1.0,1.0,73,1302.0,1.0,0.0
HNF1B,Biliary Tract,-0.7881452288537247,-0.8999963478945971,-0.6462346423610299,1.0,1.0,35,1019.0,1.0,0.0
CCND1,Lymphoid,-0.78316255045912,-0.8605089233276089,-0.6956916082771656,1.0,1.0,91,1097.0,1.0,0.0
MDM2,Liver,-0.768445791637984,-0.9111959458384348,-0.5779056400571012,1.0,1.0,24,1134.0,1.0,0.0
ZNF217,Kidney,-0.7557425100502437,-0.8905313095519571,-0.5878130816344243,1.0,1.0,31,700.0,1.0,0.0
GATA3,Breast,-0.7497860842311919,-0.8618306117367098,-0.61498803129701,1.0,1.0,50,1030.0,1.0,0.0
IRS2,Bone,-0.7496581453245196,-0.8912252767355422,-0.5891605413147964,1.0,1.0,35,967.0,1.0,0.0
FOXA2,Peripheral Nervous System,-0.7426857249295113,-0.8740560332432601,-0.5809755200844235,1.0,1.0,37,1117.0,1.0,0.0
ZNF596,Eye,-0.7354066984677469,-0.928814817984592,-0.4443704779615314,1.0,1.0,15,1015.0,1.0,0.0
HNF1B,Lung,-0.735375963432372,-0.8137030211076559,-0.6513115941854286,1.0,1.0,123,1321.0,1.0,0.0
TP63,Esophagus/Stomach,-0.7337217319126742,-0.833613320591374,-0.6079768931995062,1.0,1.0,62,1239.0,1.0,0.0
CCND2,Lymphoid,-0.7323029571686276,-0.8268737878087467,-0.6409201572977763,1.0,1.0,91,1449.0,1.0,0.0
ASCL5,Breast,-0.7278322908914009,-0.8443690253661504,-0.5737761223636273,1.0,1.0,50,1336.0,1.0,0.0
HNF1B,Ovary/Fallopian Tube,-0.727388114925606,-0.8361684275313745,-0.5885778613665136,1.0,1.0,56,1498.0,1.0,0.0
TP63,Uterus,-0.7253483535700458,-0.8614659455414679,-0.5424012788987684,1.0,1.0,34,1088.0,1.0,0.0
HIC2,Ovary/Fallopian Tube,-0.7214238009521898,-0.8304805720151236,-0.5735195929586274,1.0,1.0,56,1213.0,1.0,0.0
HNF1B,Esophagus/Stomach,-0.7209171226263376,-0.8207387785699658,-0.5840280678106211,1.0,1.0,62,1256.0,1.0,0.0
PAX8,Ovary/Fallopian Tube,-0.7191764860635284,-0.8350071975893107,-0.5825663406577954,1.0,1.0,56,1298.0,1.0,0.0
ERBB2,Breast,-0.7166401063111142,-0.8215064717249239,-0.5525394459025363,1.0,1.0,50,1217.0,1.0,0.0
HNF1B,Bladder/Urinary Tract,-0.7136023119115943,-0.8589762626134634,-0.5172672500971676,1.0,1.0,34,1253.0,1.0,0.0
PAX8,Uterus,-0.7100410739274705,-0.8549982510968606,-0.5139195156806382,1.0,1.0,34,1294.0,1.0,0.0
ERBB2,Esophagus/Stomach,-0.7099692903645245,-0.8231205251311071,-0.575705147089119,1.0,1.0,62,1470.0,1.0,0.0
MDM2,Pleura,-0.7098383106590317,-0.8899385173398333,-0.4451384267978398,1.0,0.9995,21,932.0,1.0,0.0215999999999976
ZEB1,Head and Neck,-0.7092435366423381,-0.8286853048946901,-0.5636239174764825,1.0,1.0,61,1514.0,1.0,0.0
TRPS1,Breast,-0.7083433815190138,-0.8305602972471631,-0.5586627570683769,1.0,1.0,50,1458.0,1.0,0.0
ARL4C,Pleura,-0.703177996573886,-0.8835490472220824,-0.4279614353668337,1.0,1.0,21,1230.0,1.0,0.0
MITF,Soft Tissue,-0.6988637043446713,-0.8396426395493366,-0.5425667934149669,1.0,1.0,45,1595.0,1.0,0.0
LIN28B,Bone,-0.6941506676609638,-0.8555533850054509,-0.5021097488306796,1.0,1.0,35,1320.0,1.0,0.0
ARHGAP29,Pleura,-0.693399598811988,-0.8876219382774502,-0.4558041541341266,1.0,0.9995,21,956.0,1.0,0.0215999999999976
IRF4,Lymphoid,-0.689248396655272,-0.8007879059368561,-0.584171709388358,1.0,1.0,91,1439.0,1.0,0.0
LPAR1,Ovary/Fallopian Tube,-0.6885935833850634,-0.8186998532935257,-0.5351414117159148,1.0,1.0,56,1490.0,1.0,0.0
MECOM,Uterus,-0.6881381654090726,-0.852982754210925,-0.4954490326508059,1.0,1.0,34,1229.0,1.0,0.0
HNF1B,Uterus,-0.685192838856178,-0.8407621176764595,-0.482822741266099,1.0,1.0,34,1214.0,1.0,0.0
PARD6B,Pleura,-0.6851873545442143,-0.8951098279352319,-0.4229675717633923,1.0,0.9995,21,1024.0,1.0,0.0215999999999976
HNF1B,Kidney,-0.6823416693046115,-0.8530057078450732,-0.4709055512475624,1.0,1.0,31,1423.0,1.0,0.0
CCND1,CNS/Brain,-0.6810578819858979,-0.7833705434264011,-0.555593834272879,1.0,1.0,82,1421.0,1.0,0.0
ITGAV,Bone,-0.6808911576925998,-0.8337641909126372,-0.4592028463544574,1.0,1.0,35,1339.0,1.0,0.0
TP63,Pancreas,-0.6804822988142617,-0.8219488713705565,-0.4994277597078012,1.0,1.0,45,1044.0,1.0,0.0
MITF,Skin,-0.6790740277013748,-0.8054137781044186,-0.5517381119911899,1.0,1.0,73,1373.0,1.0,0.0
BCL2L1,Myeloid,-0.6787499685732272,-0.8389004418234236,-0.4896055489894928,1.0,1.0,39,1389.0,1.0,0.0
ITGAV,Peripheral Nervous System,-0.677083194143012,-0.8379573211351403,-0.4965395873826836,1.0,1.0,37,1159.0,1.0,0.0
FAM120A,Bladder/Urinary Tract,-0.6763155980423698,-0.8356765187350781,-0.447711245135846,1.0,1.0,34,970.0,1.0,0.0
CCND3,Lymphoid,-0.674718557914593,-0.7835405546048493,-0.546600273739881,1.0,1.0,91,1461.0,1.0,0.0
TRPS1,Bladder/Urinary Tract,-0.6706126323684299,-0.8404036979609844,-0.4664551027306247,1.0,1.0,34,989.0,1.0,0.0
PARD6B,Ovary/Fallopian Tube,-0.6663105464166649,-0.7813833213074723,-0.4927605421169274,1.0,1.0,56,1331.0,1.0,0.0
FOSL1,Bone,-0.6627860153787555,-0.8275239947128588,-0.4485241532008364,1.0,1.0,35,1281.0,1.0,0.0
CCNE1,Kidney,-0.6618725246370626,-0.8378502460402277,-0.4293495171864948,1.0,1.0,31,1240.0,1.0,0.0
HNF1B,Soft Tissue,-0.6604867772627779,-0.8172574462032784,-0.4857484747193728,1.0,1.0,45,1489.0,1.0,0.0
MTAP,CNS/Brain,-0.6593188532891818,-0.7782267027061498,-0.5349996037671105,1.0,1.0,82,1271.0,1.0,0.0
FOXA2,Head and Neck,-0.6564932450972729,-0.7967601944308675,-0.5126489888431258,1.0,1.0,61,1356.0,1.0,0.0
SOX2,Soft Tissue,-0.6564231391520094,-0.8253067553449787,-0.4937031450971048,1.0,1.0,45,1108.0,1.0,0.0
CCNE2,Lung,-0.6557734035693535,-0.75198663789136,-0.5458342572046453,1.0,1.0,123,1469.0,1.0,0.0
CCNE2,Uterus,-0.6546512905830673,-0.8283046303472241,-0.4365023089514626,1.0,1.0,34,1259.0,1.0,0.0
CCND1,Bone,-0.653374611908216,-0.8320657382058203,-0.4425363492972284,1.0,1.0,35,1181.0,1.0,0.0
ELMO2,Bladder/Urinary Tract,-0.6521017407304487,-0.838549692399484,-0.4271057612420643,1.0,1.0,34,1303.0,1.0,0.0
SOX2,Myeloid,-0.6520236782048581,-0.8093241986142765,-0.4323175650519007,1.0,1.0,39,1416.0,1.0,0.0
FOXA2,Liver,-0.6478655345659801,-0.8284030530013882,-0.348194674301588,1.0,1.0,24,1337.0,1.0,0.0
MYB,Lymphoid,-0.6476738245189095,-0.7589716894069802,-0.5084603930655822,1.0,1.0,91,1375.0,1.0,0.0
FERMT2,Head and Neck,-0.6453667866249413,-0.781127206811828,-0.4793766199097329,1.0,1.0,61,1617.0,1.0,0.0
BCL6,Lymphoid,-0.6436338761149006,-0.7531187434114748,-0.5202929137124201,1.0,1.0,91,1708.0,1.0,0.0
FOXA1,Breast,-0.6429286896957025,-0.7908895918167829,-0.4715330745234669,1.0,1.0,50,1623.0,1.0,0.0
NFIB,Breast,-0.6396203296922978,-0.7835953825465101,-0.4592532159572611,1.0,1.0,50,1683.0,1.0,0.0
CCND2,CNS/Brain,-0.6388074892910445,-0.7660416778474224,-0.4975321561990227,1.0,1.0,82,1334.0,1.0,0.0
CCND2,Ovary/Fallopian Tube,-0.6366747104860003,-0.7735490556494828,-0.4616928190373837,1.0,1.0,56,1435.0,1.0,0.0
HNF1B,Lymphoid,-0.6362031805455937,-0.746826624333071,-0.4994890861768292,1.0,1.0,91,1569.0,1.0,0.0
SNAI2,Bone,-0.6360886578807234,-0.8180205819842365,-0.4234436042621496,1.0,1.0,35,1396.0,1.0,0.0
B2M,Kidney,-0.6356279811258705,-0.8183821199012633,-0.4058107455790175,1.0,1.0,31,1424.0,1.0,0.0
CCND2,Bladder/Urinary Tract,-0.633421178990706,-0.8127807379662342,-0.3989716317118131,1.0,1.0,34,1554.0,1.0,0.0
NFIB,Ovary/Fallopian Tube,-0.6321953376003645,-0.7826475330027249,-0.4730044522521004,1.0,1.0,56,1555.0,1.0,0.0
GRHL2,Bladder/Urinary Tract,-0.6317113522055067,-0.8225212876474184,-0.4177217846179682,1.0,1.0,34,1514.0,1.0,0.0
TNFAIP3,Uterus,-0.6307112164808937,-0.8176365163071537,-0.418062404772441,1.0,1.0,34,1381.0,1.0,0.0
RXRA,Uterus,-0.627110302367002,-0.8040169315519881,-0.3938887537287882,1.0,0.9995,34,1626.0,1.0,0.0134999999999985
CCND1,Lung,-0.6256297338466389,-0.7293785545250975,-0.515820438167788,1.0,1.0,123,1411.0,1.0,0.0
ITGB3,Biliary Tract,-0.6227102300871571,-0.7989434862457989,-0.3491092470959926,1.0,0.9995,35,1540.0,1.0,0.0154285714285697
PPM1D,Skin,-0.6223171964212143,-0.771061574734772,-0.4747450750495436,1.0,1.0,73,1628.0,1.0,0.0
MYC,Lung,-0.6218617288774912,-0.7272115429133157,-0.4974029709590168,1.0,1.0,123,1371.0,1.0,0.0
BCL2L1,Lymphoid,-0.6204415154472189,-0.7438564408070893,-0.483956040079578,1.0,1.0,91,1417.0,1.0,0.0
MYC,Soft Tissue,-0.6184647409509259,-0.790888588341516,-0.4199656182703934,1.0,1.0,45,1427.0,1.0,0.0
MDM2,Skin,-0.6183910755033645,-0.7601943289517596,-0.4666404671995441,1.0,1.0,73,1417.0,1.0,0.0
NEDD9,Uterus,-0.6173126674270578,-0.8052981512430275,-0.3900137754873438,1.0,1.0,34,1502.0,1.0,0.0
FOXA2,Lung,-0.6162556043030276,-0.7235612535167371,-0.4970452371511933,1.0,1.0,123,1607.0,1.0,0.0
LPAR1,Soft Tissue,-0.6103819331278151,-0.7886717744762808,-0.4223444060906915,1.0,1.0,45,1678.0,1.0,0.0
MDM2,CNS/Brain,-0.6102282207090022,-0.751124386445813,-0.4717317031290347,1.0,1.0,82,1447.0,1.0,0.0
SOX2,Esophagus/Stomach,-0.6099071719526007,-0.7568073358231413,-0.4508908859564813,1.0,1.0,62,1588.0,1.0,0.0
CCND2,Head and Neck,-0.6097722539198596,-0.7510608013664613,-0.4286287484366999,1.0,1.0,61,1773.0,1.0,0.0
CCNE1,Ovary/Fallopian Tube,-0.6087411321093098,-0.7671074901996737,-0.4369466945262936,1.0,1.0,56,1614.0,1.0,0.0
ZEB2,Soft Tissue,-0.6052255372294114,-0.7768555266816954,-0.4193380642435336,1.0,1.0,45,1458.0,1.0,0.0
AP1M1,Bladder/Urinary Tract,-0.604009337453364,-0.8124035893233177,-0.3723914597769572,1.0,1.0,34,1737.0,1.0,0.0
HIC2,Uterus,-0.6024719292038474,-0.7974402073308962,-0.3574807363894303,1.0,0.9985,34,1647.0,1.0,0.024923076923076
CDK6,Soft Tissue,-0.6020057348286004,-0.7622504588994159,-0.3863321748716435,1.0,1.0,45,1564.0,1.0,0.0
ZBTB7B,Breast,-0.6011834586916774,-0.7586401240750911,-0.3894751016559193,1.0,1.0,50,1657.0,1.0,0.0
GLIPR1L2,Soft Tissue,-0.6010091892171695,-0.7845091302778,-0.3924445839066943,1.0,1.0,45,1157.0,1.01,0.0
MTAP,Bladder/Urinary Tract,-0.5986344129326434,-0.7926903434163712,-0.3821751512098215,1.0,1.0,34,1322.0,1.0,0.0
FERMT2,Bladder/Urinary Tract,-0.5986182715992245,-0.7968442102342652,-0.3484341944040384,1.0,0.9995,34,1343.0,1.0,0.0107999999999988
FOSL1,Bladder/Urinary Tract,-0.5959355555709989,-0.8087357330267548,-0.3606593232479219,1.0,0.999,34,1650.0,1.0,0.018
GRHL2,Biliary Tract,-0.5959039252136445,-0.8001888034277624,-0.3647022082014888,1.0,1.0,35,1341.0,1.0,0.0
PAX8,Kidney,-0.5952622517637501,-0.801171791579341,-0.3503416130208471,1.0,0.999,31,1431.0,1.0,0.0432
GRHL2,Pancreas,-0.5940764795566827,-0.7937629152828802,-0.4022923678887267,1.0,1.0,45,1553.0,1.0,0.0
FGFR1,Head and Neck,-0.5938559729552133,-0.7500215525259899,-0.4255868178528197,1.0,1.0,61,1396.0,1.0,0.0
COPG1,Bone,-0.5933184256883615,-0.7945042681582799,-0.3379008085065302,1.0,0.999,35,1292.0,1.0,0.018
CCNE1,Bone,-0.5901894837230218,-0.7908573200601219,-0.3537698927119013,1.0,0.9995,35,1453.0,1.0,0.0119999999999986
MDM2,Bone,-0.590110703889857,-0.7802097129103465,-0.3186159376808665,1.0,0.999,35,1649.0,1.0,0.018
TIPARP,Head and Neck,-0.5899055756030344,-0.7331948925595271,-0.4000792149965183,1.0,1.0,61,1754.0,1.0,0.0
TSPAN4,Biliary Tract,-0.5882976680911488,-0.8045914291622087,-0.3638175117061424,1.0,0.999,35,1382.0,1.0,0.027
FOSL1,Lung,-0.5878699398148507,-0.6960836440619338,-0.4614688323107044,1.0,1.0,123,1479.0,1.0,0.0
HIC2,Peripheral Nervous System,-0.585799676122374,-0.786585629904974,-0.3745380740729296,1.0,1.0,37,1638.0,1.0,0.0
TIPARP,Esophagus/Stomach,-0.5836474717220757,-0.7261017610119738,-0.390363656320515,1.0,1.0,62,1774.0,1.0,0.0
PIM2,Lymphoid,-0.582812650019065,-0.7102622716831901,-0.43410061777687,1.0,1.0,91,1442.0,1.0,0.0
MDM2,Bowel,-0.582133933180595,-0.7403413444358145,-0.4114799906393915,1.0,1.0,59,1557.0,1.0,0.0
GRHL2,Skin,-0.5819240291071346,-0.7239727150229673,-0.4354116880557745,1.0,1.0,73,1665.0,1.0,0.0
SOX2,Ovary/Fallopian Tube,-0.5818366883260568,-0.7387098300524104,-0.3905131929995431,1.0,1.0,56,1589.0,1.0,0.0
MAFF,Skin,-0.58092343802655,-0.731130713821259,-0.4286537937649735,1.0,1.0,73,1622.0,1.0,0.0
TCF7L2,Biliary Tract,-0.5800923393691025,-0.7739392580203326,-0.3398916219322245,1.0,0.9995,35,1616.0,1.0,0.0154285714285697
FERMT1,Skin,-0.5797489054316687,-0.7176477817820914,-0.4191977539209242,1.0,1.0,73,1682.0,1.0,0.0
ZEB2,Lymphoid,-0.5794425758756377,-0.7117145395338034,-0.4408721957226281,1.0,1.0,91,1202.0,1.0,0.0
CCND3,Lung,-0.5775780305132194,-0.6924502397184948,-0.4621194451380543,1.0,1.0,123,1852.0,1.0,0.0
CDKN2A,Head and Neck,-0.5766179566583896,-0.7445603539836487,-0.4155574685834549,1.0,1.0,61,1483.0,1.0,0.0
BCL2,Lung,-0.5732373787485292,-0.6861342325765016,-0.4446053049320948,1.0,1.0,123,1787.0,1.0,0.0
GAB2,Myeloid,-0.572171694370373,-0.7501711295688749,-0.3348587336492321,1.0,0.9995,39,1660.0,1.0,0.026999999999997
TNFAIP3,Peripheral Nervous System,-0.5715902626436398,-0.7731965740693332,-0.3146758224078134,1.0,1.0,37,1554.0,1.0,0.0
PAX8,Soft Tissue,-0.5714531166215231,-0.7549670912055984,-0.3575422668299168,1.0,0.9995,45,1705.0,1.0,0.0077142857142848
CDH2,Bone,-0.5708726797616083,-0.7629698570559431,-0.3192340856210425,1.0,0.9975,35,1663.0,1.0,0.0385714285714277
MECOM,Ovary/Fallopian Tube,-0.5705213816389517,-0.7529774793047841,-0.386825396812166,1.0,1.0,56,1676.0,1.0,0.0
ZNF217,Soft Tissue,-0.5704883532613032,-0.7566774653485617,-0.3521642760324162,1.0,1.0,45,1491.0,1.0,0.0
KLF5,Lung,-0.5670360354629245,-0.6869689747229555,-0.438508542260109,1.0,1.0,123,1535.0,1.0,0.0
MDM2,Lymphoid,-0.5669805037101654,-0.6949733209917413,-0.4181057302427096,1.0,1.0,91,1560.0,1.0,0.0
TNS3,Breast,-0.5661656882998967,-0.7416947723968155,-0.3628544639863315,1.0,1.0,50,1648.0,1.0,0.0
KLHL9,CNS/Brain,-0.5650245001638667,-0.7081934110899697,-0.4161588400346019,1.0,1.0,82,1904.0,1.0,0.0
NEDD9,CNS/Brain,-0.5639342233005574,-0.7052283079942814,-0.4154508325214717,1.0,1.0,82,1480.0,1.0,0.0
SNAI2,Esophagus/Stomach,-0.5628852186707413,-0.7266003572068929,-0.3976373060161945,1.0,1.0,62,1524.0,1.0,0.0
TEAD3,Bladder/Urinary Tract,-0.561652142851565,-0.7793600134467389,-0.31491830225735,0.9995,0.998,34,1461.0,1.0,0.0332307692307692
KLF5,Uterus,-0.5612407095432513,-0.7766476841800558,-0.3053740613807995,0.998,0.9965,34,1434.0,1.0,0.0444705882352934
EZR,Pancreas,-0.560899451979259,-0.745027498783672,-0.3598279749749971,1.0,0.9995,45,1515.0,1.0,0.017999999999998
IRF4,Skin,-0.5607008056672868,-0.7145038506859644,-0.4005021994536348,1.0,1.0,73,1973.0,1.0,0.0
WWTR1,CNS/Brain,-0.5600139290065188,-0.6965982849234815,-0.3858285944228543,1.0,1.0,82,1589.0,1.0,0.0
SOX2,Bowel,-0.5589229660754849,-0.7181360497722717,-0.3602689507138157,1.0,1.0,59,1979.0,1.0,0.0
PIK3CD,Lymphoid,-0.5582655791400644,-0.6955866250868084,-0.4076983799975142,1.0,1.0,91,1729.0,1.0,0.0
CFLAR,Uterus,-0.5561185706045861,-0.7695522864912199,-0.2990813434299713,1.0,0.999,34,1554.0,1.0,0.018
TFAP2A,Skin,-0.5559135294162793,-0.7035237117948523,-0.3851213769462636,1.0,1.0,73,1729.0,1.0,0.0
ITGB5,Peripheral Nervous System,-0.5554351397855425,-0.7688046487136238,-0.3075373318332314,1.0,0.999,37,1408.0,1.0,0.024
HMGA2,Peripheral Nervous System,-0.5538952025573576,-0.7519292412269576,-0.2872953725433604,1.0,0.9995,37,1628.0,1.0,0.017999999999998
GPX8,Bladder/Urinary Tract,-0.5536005025755486,-0.7551505730466868,-0.2856485932922015,1.0,0.9975,34,1637.0,1.0,0.0337499999999992
GATA3,Lymphoid,-0.5535533508517355,-0.6957764562915323,-0.4154737444670134,1.0,1.0,91,1687.0,1.0,0.0
SOX2,CNS/Brain,-0.5516865706656147,-0.6987721869710153,-0.3995230666316268,1.0,1.0,82,1741.0,1.0,0.0
BTBD3,Peripheral Nervous System,-0.5515696074291804,-0.7646003522066072,-0.3215086305592231,1.0,0.999,37,1702.0,1.0,0.024
PARD6B,Biliary Tract,-0.5513263598857329,-0.7656744292723594,-0.2983927999013964,1.0,0.9995,35,1615.0,1.0,0.0154285714285697
ZNF217,Uterus,-0.5507292633784587,-0.7575078838570308,-0.2971267304343863,1.0,0.999,34,1688.0,1.0,0.018
HIC2,Esophagus/Stomach,-0.5503447197942877,-0.7177781426919618,-0.3635401731529062,1.0,1.0,62,1842.0,1.0,0.0
BAMBI,Breast,-0.5498173654263215,-0.7366041041028135,-0.3365105372923463,1.0,1.0,50,1516.0,1.0,0.0
FGFR1,Bladder/Urinary Tract,-0.5488734949827784,-0.7684018828974124,-0.2860807889040763,0.9995,0.996,34,1788.0,1.0,0.0454736842105263
GRHL2,Esophagus/Stomach,-0.5482587833864672,-0.6980653304543316,-0.3548427001841573,1.0,1.0,62,1605.0,1.0,0.0
CCND2,Bowel,-0.5481290305167701,-0.7168634971867134,-0.3529331010587235,1.0,1.0,59,1835.0,1.0,0.0
RAPGEF2,Ovary/Fallopian Tube,-0.5479318053562897,-0.7228327318339343,-0.3482842200704671,1.0,1.0,56,1802.0,1.0,0.0
MDM2,Ovary/Fallopian Tube,-0.547403076561444,-0.7099297894563092,-0.3545325911146098,1.0,1.0,56,1510.0,1.0,0.0
IRF2BP2,Myeloid,-0.5468347521222163,-0.7645823212850291,-0.309328146117012,1.0,0.9995,39,1773.0,1.0,0.026999999999997
CD44,Bone,-0.5452012083108316,-0.7405163225115212,-0.2745583893358328,1.0,0.9985,35,1708.0,1.0,0.024923076923076
CDK6,Bone,-0.5447299199376612,-0.757532163750464,-0.3064262304922711,1.0,0.9995,35,1473.0,1.0,0.0119999999999986
SMAD7,Lymphoid,-0.5447003263959482,-0.6925946798427891,-0.4092902736568333,1.0,1.0,91,1281.0,1.0,0.0
MYC,Uterus,-0.5438565363167595,-0.7485990643204228,-0.2862804506452368,1.0,0.999,34,1676.0,1.0,0.018
KLF5,Biliary Tract,-0.5435958948462898,-0.7672611585839393,-0.2837395646546536,1.0,0.998,35,1593.0,1.0,0.0432
ZEB1,Biliary Tract,-0.5434339738961335,-0.76110997110865,-0.2869885630228062,1.0,0.9995,35,1672.0,1.0,0.0154285714285697
CCND1,Head and Neck,-0.5431333085520581,-0.7163507531225626,-0.3701305220527133,1.0,0.9995,61,1517.0,1.0,0.0071999999999992
KRAS,Soft Tissue,-0.5427057663966594,-0.7339555714535928,-0.3277130892379551,1.0,1.0,45,1562.0,1.0,0.0
TEAD3,Head and Neck,-0.5426634009464217,-0.6948233881504899,-0.3367560810820747,1.0,1.0,61,1609.0,1.0,0.0
CDKN2A,Pancreas,-0.5424809508720028,-0.7295918334330798,-0.3093655216042206,1.0,0.9995,45,1854.0,1.0,0.017999999999998
FOXA2,Ovary/Fallopian Tube,-0.5421054753247164,-0.7154306980920817,-0.3315120907588165,1.0,0.9995,56,1631.0,1.0,0.0051428571428565
MDM2,Soft Tissue,-0.5417454124516232,-0.7315708915556471,-0.3213317060125917,1.0,0.999,45,1667.0,1.0,0.0144
JUN,Soft Tissue,-0.5414768435611175,-0.7266438681709717,-0.3051539605296973,1.0,0.9995,45,1382.0,1.0,0.0077142857142848
IRS2,Breast,-0.5410629602450611,-0.7244415123912373,-0.3282623147862548,1.0,1.0,50,1260.0,1.0,0.0
ZEB2,Skin,-0.5404467737452864,-0.6925175470169043,-0.3750553995039962,1.0,1.0,73,1506.0,1.0,0.0
CCND1,Soft Tissue,-0.5394539930993484,-0.7123907518720609,-0.2883655211205991,1.0,0.9995,45,1784.0,1.0,0.0077142857142848
HMGA2,Bone,-0.5386218827047394,-0.7694706206781634,-0.2973023652741857,1.0,0.9995,35,1595.0,1.0,0.0119999999999986
MTAP,Biliary Tract,-0.5382372494706644,-0.7461600912599793,-0.2632501604658288,1.0,0.9985,35,1724.0,1.0,0.0359999999999987
PSIP1,Bone,-0.5381294473070027,-0.7608713525501323,-0.2937754621089001,1.0,0.999,35,1713.0,1.0,0.018
IRS2,Bowel,-0.5380239409593076,-0.7026146634355295,-0.3472777492049319,1.0,1.0,59,1696.0,1.0,0.0
ELMO3,Bladder/Urinary Tract,-0.5372001641229777,-0.7644209217218629,-0.2693112213772479,0.9985,0.995,34,1497.0,1.0,0.0490909090909091
MDM2,Uterus,-0.5363419928365372,-0.7554681669097869,-0.2904586267555382,0.9985,0.9965,34,1351.0,1.0,0.0444705882352934
MDM2,Bladder/Urinary Tract,-0.5353458294649454,-0.7492193982820918,-0.2919664098989459,0.9995,0.999,34,1547.0,1.0,0.018
H2BC8,Uterus,-0.5353440597141063,-0.7492182171033719,-0.2919635142985328,0.9995,0.999,34,1547.0,1.0,0.018
ZFP36L1,Ovary/Fallopian Tube,-0.5346347587885409,-0.7213391925129944,-0.3302971206229924,1.0,1.0,56,1345.0,1.0,0.0
YAP1,Bladder/Urinary Tract,-0.5336096473527561,-0.7601186368341886,-0.2727973765032412,1.0,0.9955,34,1735.0,1.0,0.0462857142857137
SOX9,Lung,-0.5328524391966454,-0.6559628821237482,-0.4160228057314614,1.0,1.0,123,1510.0,1.0,0.0
ZEB1,Esophagus/Stomach,-0.5323512298729193,-0.6938517350620801,-0.3483245409722296,1.0,0.9995,62,1653.0,1.0,0.0038571428571424
ELK3,Soft Tissue,-0.5316648438820927,-0.7406819916819343,-0.3130754639295125,1.0,0.9995,45,1658.0,1.0,0.0077142857142848
CCND1,Breast,-0.531328709111544,-0.7039498842671592,-0.3095559876935389,1.0,0.9995,50,1897.0,1.0,0.0083076923076913
CTNNB1,Esophagus/Stomach,-0.5312675931391614,-0.7028127537370312,-0.358253324947847,1.0,1.0,62,1479.0,1.0,0.0
ACSL4,Bladder/Urinary Tract,-0.5295370898898738,-0.7471900531985007,-0.2525504470500899,0.999,0.9975,34,1467.0,1.0,0.0337499999999992
MYC,Skin,-0.5292521378570638,-0.6902211867228916,-0.3585481990238425,1.0,1.0,73,2041.0,1.0,0.0
WWTR1,Peripheral Nervous System,-0.5289121706845173,-0.7682545132012586,-0.2931145809278961,0.9995,0.9985,37,1416.0,1.0,0.0323999999999988
CCND1,Bowel,-0.5282292117193591,-0.6893313056734716,-0.3260049119796819,1.0,1.0,59,1618.0,1.0,0.0
KLHL9,Pancreas,-0.5280094704869238,-0.7202486413293041,-0.306498727239175,1.0,0.9995,45,1713.0,1.0,0.017999999999998
ITGB3,Ovary/Fallopian Tube,-0.5274340884450801,-0.7037858783228468,-0.3214118069565393,1.0,0.9995,56,1933.0,1.0,0.0051428571428565
SOX2,Head and Neck,-0.5273359746481716,-0.7041651724868538,-0.3310200053562901,1.0,0.9995,61,1657.0,1.0,0.0071999999999992
SOX2,Bone,-0.5273311736340439,-0.7647916555143339,-0.272997053194598,1.0,0.997,35,1712.0,1.0,0.0405
SMAD7,Breast,-0.5267435549521369,-0.7244344854463365,-0.3368866865252035,1.0,0.9995,50,1781.0,1.0,0.0083076923076913
LASP1,Esophagus/Stomach,-0.5259853478796749,-0.6845026319899221,-0.3337841135478024,1.0,0.9995,62,1970.0,1.0,0.0038571428571424
JUN,CNS/Brain,-0.5248820873677297,-0.6876023776210607,-0.3696925372680828,1.0,1.0,82,1778.0,1.0,0.0
CCND3,Ovary/Fallopian Tube,-0.523820504804701,-0.6963803994608457,-0.3154379073987328,1.0,0.9995,56,1435.0,1.0,0.0051428571428565
DUSP4,Esophagus/Stomach,-0.5221330404178061,-0.6856419272661345,-0.3137104996801854,1.0,1.0,62,1615.0,1.0,0.0
NCKAP1,Myeloid,-0.5216031927051586,-0.7290162225000569,-0.2645158466787307,0.9995,0.999,39,1452.0,1.0,0.0432
H2BC10,Peripheral Nervous System,-0.5208720405898775,-0.7342995310169678,-0.2561405953691185,0.9995,0.999,37,1636.0,1.0,0.024
PARD6B,Breast,-0.5189798337986523,-0.6971572867278071,-0.2764149469649581,1.0,1.0,50,1519.0,1.0,0.0
FADD,Head and Neck,-0.5185150256480872,-0.6957354149432766,-0.3184103090887926,1.0,1.0,61,1616.0,1.0,0.0
TCF7L2,Esophagus/Stomach,-0.5185086979040442,-0.6960966879448376,-0.3191866238788305,1.0,1.0,62,1927.0,1.0,0.0
ERBB2,Uterus,-0.5166153432894323,-0.7347317348728779,-0.2345336240365052,0.999,0.9975,34,1820.0,1.0,0.0385714285714277
FOXA2,Esophagus/Stomach,-0.5159474829973355,-0.6762845404568705,-0.3093858119015016,1.0,1.0,62,1655.0,1.0,0.0
FOSL1,Soft Tissue,-0.5159172191085211,-0.7304411956107137,-0.2950713196983212,1.0,0.9985,45,1843.0,1.0,0.0179999999999993
TFAP2A,Uterus,-0.5145489723234904,-0.72665971245584,-0.2489991786568268,1.0,0.9965,34,1664.0,1.0,0.0444705882352934
FADD,Esophagus/Stomach,-0.5133768118025537,-0.6717597039534149,-0.313585525974854,1.0,1.0,62,1669.0,1.0,0.0
DUSP10,Esophagus/Stomach,-0.5127825586375072,-0.679878153881571,-0.3032123228788188,1.0,1.0,62,1861.0,1.0,0.0
H3C3,Esophagus/Stomach,-0.5124564713795333,-0.6834442185854006,-0.3076710499557455,1.0,1.0,62,1978.0,1.0,0.0
TRPS1,Esophagus/Stomach,-0.5119452284332612,-0.6934236400011398,-0.3338836340112165,1.0,0.9995,62,1815.0,1.0,0.0038571428571424
RAPGEFL1,Skin,-0.5119312874404246,-0.6716627560748818,-0.3346784379210419,1.0,1.0,73,1802.0,1.0,0.0
PPM1D,Ovary/Fallopian Tube,-0.511721997164571,-0.6933619405167339,-0.3038800136575039,1.0,0.9995,56,1680.0,1.0,0.0051428571428565
RPL17,Bladder/Urinary Tract,-0.5111497680725263,-0.7405516126175844,-0.225646658842444,1.0,0.996,34,1502.0,1.0,0.0454736842105263
TIPARP,Ovary/Fallopian Tube,-0.5104161402863793,-0.6955314927465694,-0.3055734880223029,1.0,0.9985,56,1671.0,1.0,0.012461538461538
CDH2,Bladder/Urinary Tract,-0.5085929268353709,-0.760824724605236,-0.2570116482931252,0.9995,0.9975,34,1655.0,1.0,0.0337499999999992
DUSP4,Skin,-0.5085544208891082,-0.666806317195271,-0.33996992889315,1.0,1.0,73,1964.0,1.0,0.0
CCND2,Pancreas,-0.5084057695224501,-0.7044595065966999,-0.2590287376104436,0.999,0.999,45,1693.0,1.0,0.027
HNF1B,Bowel,-0.5081445908240252,-0.6827254842034638,-0.3016339935949008,1.0,0.999,59,1696.0,1.0,0.024
KLF5,Esophagus/Stomach,-0.5081352106774588,-0.6894610961927912,-0.3114173485327751,1.0,1.0,62,1945.0,1.0,0.0
CFLAR,Lymphoid,-0.5068497043498926,-0.6534849605878748,-0.3525718035415046,1.0,1.0,91,1789.0,1.0,0.0
TP63,Head and Neck,-0.5061510830990796,-0.6740606537119347,-0.3100362157935032,1.0,1.0,61,1762.0,1.0,0.0
CCND2,Esophagus/Stomach,-0.5056901812904361,-0.6977399638883046,-0.3213594120295452,1.0,1.0,62,1750.0,1.0,0.0
KLF5,Skin,-0.5054426331352068,-0.6704124356356975,-0.3103176482106184,1.0,1.0,73,1890.0,1.0,0.0
SNAI2,Uterus,-0.5052748961470989,-0.7179719170781707,-0.2250350380381633,0.9985,0.996,34,1512.0,1.0,0.048
TP63,Bowel,-0.5047821392330789,-0.6729580016918286,-0.2927783591308717,1.0,0.9995,59,1956.0,1.0,0.017999999999998
TP63,Lung,-0.5043165289886204,-0.6282835131254849,-0.3595361364084004,1.0,1.0,123,1944.0,1.0,0.0
CFLAR,Soft Tissue,-0.503119635241858,-0.6961733307188025,-0.2547033095510969,1.0,0.9985,45,1523.0,1.0,0.0179999999999993
WWTR1,Lung,-0.5026330023895382,-0.6308293284786823,-0.3496865639862814,1.0,1.0,123,1746.0,1.0,0.0
FADD,Bone,-0.5024725022388072,-0.7344101281580346,-0.2521030060464362,0.999,0.9965,35,1805.0,1.0,0.0444705882352934
RXRA,Bladder/Urinary Tract,-0.5022743576443743,-0.7549909854653691,-0.2524317005096723,1.0,0.996,34,1634.0,1.0,0.0454736842105263
SOX9,Bladder/Urinary Tract,-0.5019605097890925,-0.7376985355736778,-0.2282810570742657,0.997,0.9945,34,1590.0,1.0,0.0494999999999995
FERMT2,Bone,-0.5000531491194333,-0.7253835967703097,-0.2424249432763916,0.999,0.997,35,1668.0,1.0,0.0405
CDK6,Lymphoid,-0.4991714204288184,-0.6299353788761377,-0.3244421020793621,1.0,1.0,91,1830.0,1.0,0.0
ARL4C,Breast,-0.4982767023366547,-0.6732310370781618,-0.2706762377202842,0.9995,0.999,50,1866.0,1.0,0.0144
ELMO3,Ovary/Fallopian Tube,-0.496566752957114,-0.6842424115130883,-0.2875786811645737,1.0,0.9985,56,1735.0,1.0,0.012461538461538
ITGB5,Head and Neck,-0.4964034405707951,-0.6811833665662945,-0.2945699413584383,1.0,1.0,61,2197.0,1.0,0.0
EZR,Bladder/Urinary Tract,-0.4960599825666916,-0.72749332738246,-0.2247386056909581,0.9985,0.9945,34,1389.0,1.0,0.0494999999999995
RNF217,Head and Neck,-0.4957548191920427,-0.6806161852637764,-0.2892940090231182,1.0,0.9995,61,1744.0,1.0,0.0071999999999992
SQSTM1,Ovary/Fallopian Tube,-0.4952542512912687,-0.6836097212038637,-0.2810379075274807,1.0,0.998,56,1654.0,1.0,0.0154285714285714
MDM2,Esophagus/Stomach,-0.4939320704485785,-0.680959480716518,-0.3038674836471589,1.0,1.0,62,1346.0,1.0,0.0
CDH1,Ovary/Fallopian Tube,-0.4932440117579103,-0.6774375536572836,-0.291459329121382,1.0,1.0,56,1697.0,1.0,0.0
GAB2,Soft Tissue,-0.4907787026841279,-0.6931581585092172,-0.2647103065986584,0.9995,0.9965,45,1857.0,1.0,0.0308571428571428
MYB,Esophagus/Stomach,-0.4903707247713051,-0.6762686822949677,-0.274837058070178,1.0,1.0,62,1640.0,1.0,0.0
BET1L,Breast,-0.4903412350080252,-0.6992175757442252,-0.271505281545898,1.0,0.999,50,1802.0,1.0,0.0144
CITED2,Lymphoid,-0.4897295679702812,-0.6337799329519502,-0.3373149937681163,1.0,1.0,91,2083.0,1.0,0.0
IRS2,Lymphoid,-0.4896057179092856,-0.6467761829922491,-0.3268552983214027,1.0,1.0,91,2031.0,1.0,0.0
TGIF1,Bowel,-0.4893972065072374,-0.6584754090578651,-0.2654941412144473,1.0,0.999,59,1843.0,1.0,0.024
SOX9,Breast,-0.4883166127543738,-0.6921935804756822,-0.2616056089812208,1.0,0.998,50,1819.0,1.0,0.0227368421052631
GATA3,Ovary/Fallopian Tube,-0.4872120501534642,-0.6780347771353958,-0.2709820365194245,1.0,0.999,56,1765.0,1.0,0.009
RELA,CNS/Brain,-0.4864704342749151,-0.6420762820652426,-0.312053522544733,1.0,0.9995,82,2084.0,1.0,0.0044999999999995
SNAI2,Soft Tissue,-0.4861548317487143,-0.6971394366143819,-0.2528211865579219,1.0,0.9985,45,1567.0,1.0,0.0179999999999993
CD44,Soft Tissue,-0.4859750836522828,-0.6930170828310189,-0.2456469261367809,1.0,0.998,45,1865.0,1.0,0.0216
ZNF608,Lymphoid,-0.4857581117919337,-0.6446659270200583,-0.3198728745000609,1.0,1.0,91,1845.0,1.0,0.0
PPARG,Bladder/Urinary Tract,-0.4856077970718687,-0.706119483736728,-0.1915921117988837,0.9985,0.9955,34,1663.0,1.0,0.0462857142857137
FERMT2,Lung,-0.4842029420771041,-0.6292868464085681,-0.3504886156385774,1.0,1.0,123,1406.0,1.0,0.0
TNS3,Lung,-0.4837573917996753,-0.6119518205584071,-0.331868048861307,1.0,1.0,123,1960.0,1.0,0.0
SOX2,Lung,-0.4828278825533955,-0.6110780808330862,-0.344711262658504,1.0,1.0,123,1856.0,1.0,0.0
ZNF217,Breast,-0.4827653938116329,-0.6863350925674039,-0.2539736958275607,1.0,0.998,50,2111.0,1.0,0.0227368421052631
ACSL4,Soft Tissue,-0.4826176751595885,-0.6818157085919128,-0.2473092999038883,1.0,0.998,45,1755.0,1.0,0.0216
H3C3,Soft Tissue,-0.4821566282916387,-0.6741613995753191,-0.225056404604415,0.9995,0.9965,45,1596.0,1.0,0.0308571428571428
ZFP36L1,CNS/Brain,-0.4806358769364008,-0.6419810170132452,-0.3237688533602356,1.0,1.0,82,1961.0,1.0,0.0
DOCK10,CNS/Brain,-0.480156720856279,-0.6404095467723123,-0.2986118062300443,1.0,1.0,82,2111.0,1.0,0.0
TCF7L2,Pancreas,-0.4800969141482151,-0.6956247308686576,-0.2668693709947778,1.0,0.999,45,1815.0,1.0,0.027
DOCK5,Ovary/Fallopian Tube,-0.4787437535179004,-0.6867492509330577,-0.2736384861614822,1.0,0.9995,56,2157.0,1.0,0.0051428571428565
MTAP,Pancreas,-0.476730833280062,-0.6925572853585402,-0.2333755015285094,0.9995,0.997,45,1872.0,1.0,0.0498461538461538
ZEB2,CNS/Brain,-0.4765534274635036,-0.6467730608723783,-0.3096708905881145,1.0,0.9995,82,1651.0,1.0,0.0044999999999995
ELK3,Ovary/Fallopian Tube,-0.4759470750644394,-0.6577297997147991,-0.2582263237905628,1.0,0.9995,56,2197.0,1.0,0.0051428571428565
FDFT1,Soft Tissue,-0.4755771310361053,-0.6792401047831282,-0.2077359535613681,0.999,0.997,45,1729.0,1.0,0.0308571428571428
FERMT2,Esophagus/Stomach,-0.4728245988850965,-0.6548857224596896,-0.2669199756473253,1.0,0.9995,62,1528.0,1.0,0.0038571428571424
SOX9,Esophagus/Stomach,-0.4726842474648777,-0.6590193033070535,-0.2690980636790953,1.0,1.0,62,2045.0,1.0,0.0
RAC1,CNS/Brain,-0.4723492779362262,-0.622400563622723,-0.2934778136637075,1.0,1.0,82,1553.0,1.0,0.0
CFLAR,Pancreas,-0.4718384170021557,-0.6740536640834627,-0.2257357084862023,0.9995,0.998,45,2021.0,1.0,0.0432
FERMT2,Pancreas,-0.4706142191791069,-0.6962255761584248,-0.2559815754424268,1.0,0.997,45,1690.0,1.0,0.0498461538461538
CDK6,Pancreas,-0.4698084763776853,-0.6762038348415225,-0.223962968084181,0.9995,0.9985,45,1672.0,1.0,0.0359999999999987
TIPARP,Skin,-0.4694915568636688,-0.6532635870212924,-0.2966948943322325,1.0,1.0,73,2037.0,1.0,0.0
YPEL5,Soft Tissue,-0.4686896105235688,-0.6996942894158815,-0.2619448525848332,0.9995,0.995,45,1580.0,1.0,0.0372413793103448
SOX2,Breast,-0.4678679329048449,-0.6610700470838877,-0.2114335815567816,0.999,0.9955,50,1677.0,1.0,0.0388799999999995
MSN,Soft Tissue,-0.4678094558432597,-0.6738311605260763,-0.2089079125428528,1.0,0.9965,45,1623.0,1.0,0.0308571428571428
JUNB,Lymphoid,-0.4676506691233673,-0.6293479284072061,-0.3086920089346419,1.0,0.9995,91,1970.0,1.0,0.0043199999999995
PIK3CD,Soft Tissue,-0.4675478273606358,-0.678831781824331,-0.2177270965048543,1.0,0.996,45,1834.0,1.0,0.0308571428571428
BCL2,Lymphoid,-0.4675296530707917,-0.6169408982592126,-0.3095133656995057,1.0,1.0,91,2112.0,1.0,0.0
CCND2,Soft Tissue,-0.4674112608734828,-0.6804299655619506,-0.2100991051573931,1.0,0.996,45,1693.0,1.0,0.0308571428571428
ATP5F1B,Soft Tissue,-0.4669610123105695,-0.6803130626044132,-0.22534813712203,0.9995,0.996,45,1791.0,1.0,0.0308571428571428
PPARG,Pancreas,-0.4662171838257304,-0.6721561158429568,-0.2214879733467257,1.0,0.997,45,1603.0,1.0,0.0498461538461538
ZNF217,Ovary/Fallopian Tube,-0.4651463236377906,-0.6547319570566201,-0.2493558336790042,1.0,0.999,56,1617.0,1.0,0.009
H2BC14,CNS/Brain,-0.4650145034947966,-0.6295290382817833,-0.2875593258268844,1.0,0.9995,82,1899.0,1.0,0.0044999999999995
H4C13,Esophagus/Stomach,-0.4647119191250077,-0.6340217771711851,-0.2490526710903449,1.0,0.9995,62,1841.0,1.0,0.0038571428571424
ERBB2,Ovary/Fallopian Tube,-0.4642924134081742,-0.6536289032534914,-0.2349667908482921,1.0,0.9995,56,1792.0,1.0,0.0051428571428565
FGFR1,Lung,-0.4639113417614506,-0.5897454144404255,-0.3150924662520645,1.0,1.0,123,1960.0,1.0,0.0
SNAI2,Skin,-0.4636127376495035,-0.6430752877754582,-0.2798979484777603,1.0,0.999,73,1666.0,1.0,0.0102857142857142
CDK6,CNS/Brain,-0.4635733317580621,-0.6335744910864072,-0.2931598140869265,1.0,1.0,82,1984.0,1.0,0.0
DOCK10,Head and Neck,-0.4635181528374781,-0.6691992371952808,-0.2786462796499034,1.0,0.9995,61,1839.0,1.0,0.0071999999999992
ARHGAP29,Esophagus/Stomach,-0.4634621634690326,-0.6405248367571785,-0.2546095061894833,1.0,0.9995,62,1664.0,1.0,0.0038571428571424
CMIP,Lymphoid,-0.4634091107960567,-0.6013776576636283,-0.2806051813535855,1.0,1.0,91,2017.0,1.0,0.0
YAP1,Skin,-0.4630210342939937,-0.6363515567130165,-0.2878849581077956,1.0,0.999,73,2018.0,1.0,0.0102857142857142
TRIO,Esophagus/Stomach,-0.462793433196715,-0.6561355521880905,-0.2682917819721124,1.0,0.999,62,1543.0,1.0,0.0074482758620689
CFLAR,Esophagus/Stomach,-0.461953955238179,-0.6465424530859498,-0.2494874454088984,1.0,1.0,62,1940.0,1.0,0.0
TUBB,Bowel,-0.4619261052332412,-0.6519668047070641,-0.2551770516835345,0.9995,0.9985,59,1855.0,1.0,0.0294545454545443
PTP4A1,Ovary/Fallopian Tube,-0.4617918689143792,-0.6550734422800484,-0.2594875516360218,1.0,0.999,56,1837.0,1.0,0.009
TWIST1,Esophagus/Stomach,-0.4612072593711797,-0.6541798405877803,-0.2588973178791653,1.0,1.0,62,1875.0,1.0,0.0
SMARCA4,Lung,-0.4603144153172995,-0.6039065430255748,-0.3229856737779706,1.0,1.0,123,1935.0,1.0,0.0
IRS1,Bowel,-0.4595109329956832,-0.6421346199502638,-0.2346146499639453,1.0,0.9975,59,1973.0,1.0,0.0415384615384606
CDH2,Esophagus/Stomach,-0.4590305418649612,-0.6330638584779527,-0.2343107153149117,0.9995,0.9985,62,1944.0,1.0,0.0107999999999996
RHD,Breast,-0.4589641512743447,-0.6628541927608091,-0.2249997643756675,0.9995,0.9985,50,1766.0,1.0,0.0202499999999992
GPX8,CNS/Brain,-0.4588693129020219,-0.6263589232946072,-0.286246907440308,1.0,0.9995,82,2100.0,1.0,0.0044999999999995
SOX9,Head and Neck,-0.4585293423690709,-0.6560954805805936,-0.2410908604948505,0.9995,0.9955,61,1888.0,1.0,0.0441818181818176
SNAI2,CNS/Brain,-0.4563715656714791,-0.619468955524463,-0.2784918413664292,1.0,1.0,82,2013.0,1.0,0.0
CCNE1,Breast,-0.456370406154858,-0.6710202404138621,-0.2156611972657094,1.0,0.994,50,1931.0,1.0,0.0412941176470585
BCL2,Breast,-0.4563537549908686,-0.6709967312190297,-0.2156321448540383,1.0,0.994,50,1931.0,1.0,0.0412941176470585
NEDD9,Skin,-0.4536781486332115,-0.6189423966620837,-0.2548686527322854,1.0,0.9995,73,1568.0,1.0,0.0056842105263151
DUSP4,Breast,-0.4530371497763175,-0.6737123859357292,-0.2488505161716668,1.0,0.997,50,1879.0,1.0,0.0308571428571428
GRHL2,Breast,-0.451938604025035,-0.656079530737494,-0.2196677242010908,1.0,0.9955,50,1696.0,1.0,0.0388799999999995
CCND2,Lung,-0.4508313359202419,-0.5839303277395742,-0.2991406076321514,1.0,1.0,123,1719.0,1.0,0.0
MYC,CNS/Brain,-0.4507967365277937,-0.6106682396073861,-0.2802158990146093,1.0,0.9995,82,2108.0,1.0,0.0044999999999995
MYC,Head and Neck,-0.4503321113497872,-0.6320247844786373,-0.2228597953649249,1.0,0.999,61,1922.0,1.0,0.0127058823529411
ITGAV,CNS/Brain,-0.4501641956602038,-0.6089308271214937,-0.2581946251270284,1.0,1.0,82,2067.0,1.0,0.0
FOXA1,Lung,-0.4500982406840337,-0.5785007963515123,-0.2931826013973988,1.0,1.0,123,2178.0,1.0,0.0
MTAP,Breast,-0.4499602543647323,-0.6575160820881019,-0.2068205139070608,1.0,0.994,50,1637.0,1.0,0.0412941176470585
FERMT2,Breast,-0.4499263493954806,-0.645083923364965,-0.2154879293846228,1.0,0.9945,50,2032.0,1.0,0.0412941176470585
BCL2L1,Soft Tissue,-0.44930853418293,-0.6791032232521061,-0.2023542428604321,0.9995,0.996,45,1515.0,1.0,0.0308571428571428
AP1M1,Breast,-0.4490478921387215,-0.6701460916550088,-0.2153490874657903,0.9995,0.995,50,2070.0,1.0,0.0412941176470585
PTMA,Bowel,-0.4478799240575718,-0.6400687557213067,-0.228074812206747,1.0,0.9985,59,1737.0,1.0,0.0294545454545443
DUSP4,Bowel,-0.4478770460033759,-0.6306265780063716,-0.2322438192966486,1.0,0.998,59,1918.0,1.0,0.036
FOSL1,Breast,-0.447515892957695,-0.6519246192172041,-0.2291898994989356,1.0,0.998,50,1816.0,1.0,0.0227368421052631
MTAP,Ovary/Fallopian Tube,-0.4474413880429839,-0.641303052163426,-0.2075650637243358,1.0,0.9975,56,1863.0,1.0,0.0179999999999996
RAPGEFL1,Breast,-0.4472248925118869,-0.6598579577195198,-0.218138926746972,0.9995,0.997,50,1828.0,1.0,0.0308571428571428
LDB1,Breast,-0.4467587394016855,-0.6485656649145051,-0.2151245344323769,0.9995,0.9965,50,1691.0,1.0,0.0343636363636358
DUSP10,Head and Neck,-0.4456281392567751,-0.6427607442025387,-0.2436417869167813,1.0,0.999,61,1732.0,1.0,0.0127058823529411
CCNE1,Skin,-0.4452534510910135,-0.6200721737634898,-0.2510647172108861,1.0,1.0,73,1778.0,1.0,0.0
MYB,Bowel,-0.4450483064725501,-0.6413218220970129,-0.2157128865196711,1.0,0.999,59,1873.0,1.0,0.024
TIPARP,Lymphoid,-0.4432672640017761,-0.5971107653497503,-0.2686515531100244,1.0,1.0,91,1867.0,1.0,0.0
SNAI2,Lung,-0.4425106135980903,-0.5776742631483986,-0.2908898270395341,1.0,1.0,123,2063.0,1.0,0.0
IGF1R,Ovary/Fallopian Tube,-0.4416116934472768,-0.6456251850507906,-0.2093383876250143,0.9995,0.996,56,2001.0,1.0,0.0246857142857143
GRHL2,Ovary/Fallopian Tube,-0.4409620010357336,-0.6256135974445685,-0.2090753570569476,0.9995,0.9965,56,1943.0,1.0,0.0243870967741931
IRS1,Lymphoid,-0.4409617170190523,-0.5889713550732345,-0.2507190750344282,1.0,0.9995,91,1350.0,1.0,0.0043199999999995
WWTR1,Esophagus/Stomach,-0.4405083359888286,-0.6324805195521137,-0.2413065104690348,1.0,0.998,62,1719.0,1.0,0.0135
HMGA2,Ovary/Fallopian Tube,-0.4386252698357826,-0.6210174337609107,-0.2115212580038334,1.0,0.998,56,1489.0,1.0,0.0154285714285714
ZNFX1,Lung,-0.4373900925023171,-0.5777356558651112,-0.2857136861090907,1.0,1.0,123,1893.0,1.0,0.0
ATP5F1B,Lung,-0.4371580500591355,-0.5678830154916348,-0.2938533513971295,1.0,1.0,123,1930.0,1.0,0.0
NFIB,Skin,-0.4362972973096484,-0.6204074120943908,-0.2505447882991392,1.0,1.0,73,1946.0,1.0,0.0
DOCK10,Breast,-0.435369724073863,-0.6432623312649506,-0.2033886832020547,0.999,0.9935,50,1864.0,1.0,0.0412941176470585
FGFR1,Breast,-0.435151263182076,-0.6624289945752275,-0.2079304213527575,1.0,0.996,50,1823.0,1.0,0.0375652173913043
ZNF217,Lymphoid,-0.4350871844878439,-0.5967552246740881,-0.2672823147319594,1.0,1.0,91,1943.0,1.0,0.0
AP1M1,Esophagus/Stomach,-0.4350625727155747,-0.624413470046431,-0.2276318923551452,1.0,0.997,62,1915.0,1.0,0.0185142857142857
H2BC10,Ovary/Fallopian Tube,-0.4345595879693097,-0.635191518789529,-0.2300137757871062,1.0,0.9935,56,1779.0,1.0,0.0359999999999997
CFLAR,Lung,-0.4343249666619455,-0.5785564861934915,-0.2903007953839123,1.0,1.0,123,1635.0,1.0,0.0
CDH2,CNS/Brain,-0.4336615683789654,-0.5971675588964311,-0.2516890907118054,1.0,1.0,82,1949.0,1.0,0.0
PIK3CD,Skin,-0.4332790106984586,-0.6011029458535848,-0.228167347082401,1.0,0.9975,73,2038.0,1.0,0.0192857142857138
FOSL1,Ovary/Fallopian Tube,-0.4327862570827715,-0.6441594745705328,-0.2207185580579991,0.9995,0.9975,56,1865.0,1.0,0.0179999999999996
TNFAIP3,Ovary/Fallopian Tube,-0.4320882235163014,-0.6297029990090441,-0.1970238022937635,1.0,0.996,56,1918.0,1.0,0.0246857142857143
KLF5,Ovary/Fallopian Tube,-0.4320404258966606,-0.6266794629320644,-0.2030240177489535,1.0,0.996,56,1600.0,1.0,0.0246857142857143
ARF4,Head and Neck,-0.4320115695610332,-0.6122665431237944,-0.2146352562822666,1.0,0.9955,61,1931.0,1.0,0.0441818181818176
PTP4A1,Lung,-0.4315412750480853,-0.5769665823836949,-0.297188678721286,1.0,1.0,123,1796.0,1.0,0.0
DENND4A,CNS/Brain,-0.4315401009424263,-0.5954563259565901,-0.2445508728614069,1.0,1.0,82,2041.0,1.0,0.0
DUSP10,Breast,-0.4303353489845947,-0.6200590314585055,-0.1702031311472463,0.9995,0.9945,50,2051.0,1.0,0.0412941176470585
EVA1A,Ovary/Fallopian Tube,-0.430307448899444,-0.607820152914214,-0.1856130155091961,0.999,0.9945,56,1834.0,1.0,0.0321081081081078
ITGB3,CNS/Brain,-0.4291934409395269,-0.6056516891345345,-0.2455540204526307,1.0,1.0,82,1748.0,1.0,0.0
ELMO3,Skin,-0.4290953394385324,-0.5955466324439707,-0.2170692031929246,1.0,0.9985,73,1898.0,1.0,0.0140869565217386
IRS2,Esophagus/Stomach,-0.4282963231252162,-0.6373565308831739,-0.2371211777335667,1.0,0.998,62,1954.0,1.0,0.0135
FDFT1,Esophagus/Stomach,-0.427976928239649,-0.6160454573941037,-0.2123268858329043,1.0,0.9975,62,1661.0,1.0,0.016363636363636
MDM2,Lung,-0.4271526948857789,-0.5692528899925171,-0.2775290871019022,1.0,1.0,123,2192.0,1.0,0.0
IRF2BP2,Bowel,-0.427131779450062,-0.6222110231264204,-0.1974073021552733,1.0,0.997,59,2061.0,1.0,0.0462857142857143
PHLDB2,Ovary/Fallopian Tube,-0.4246633394791678,-0.6351346672962883,-0.204747019290804,1.0,0.996,56,1771.0,1.0,0.0246857142857143
MTAP,Skin,-0.4232204014809535,-0.6103699872505848,-0.2425144802911196,1.0,0.998,73,2118.0,1.0,0.01728
CEBPB,Esophagus/Stomach,-0.4226391104893365,-0.6158071261548597,-0.1965437118292623,0.9995,0.9955,62,1840.0,1.0,0.0249230769230766
SOCS3,Ovary/Fallopian Tube,-0.4222345416815892,-0.6216423352885962,-0.2069330651757787,0.9985,0.995,56,2056.0,1.0,0.03
CDK6,Lung,-0.4200758635289896,-0.563710519200918,-0.2725960274061632,1.0,0.9995,123,1875.0,1.0,0.0022040816326528
FOXA2,CNS/Brain,-0.4189401077376123,-0.602175661672927,-0.2506029544690422,1.0,0.999,82,2103.0,1.0,0.008
FERMT2,Skin,-0.4182307832214778,-0.5839019523842519,-0.2068769711625568,1.0,0.9965,73,1849.0,1.0,0.0260689655172409
CDH2,Ovary/Fallopian Tube,-0.4172307869208501,-0.6328267830818421,-0.1931147953662714,0.999,0.994,56,1807.0,1.0,0.0341052631578947
IRS2,Lung,-0.4169926705642326,-0.5622735351890946,-0.2694279910351691,1.0,1.0,123,1756.0,1.0,0.0
ZNF596,Head and Neck,-0.4153555793627953,-0.6223632329157929,-0.2150814589861442,0.9995,0.997,61,1752.0,1.0,0.036
ARHGAP29,Head and Neck,-0.4153301793680439,-0.6228781917594497,-0.2023749293341283,1.0,0.9965,61,1805.0,1.0,0.0397894736842099
IRS1,Esophagus/Stomach,-0.4141009997372217,-0.6074964790892206,-0.1973667734323492,0.9995,0.997,62,2139.0,1.0,0.0185142857142857
FOSL1,Esophagus/Stomach,-0.4136883768122725,-0.5932995798816934,-0.1792814704872025,0.9995,0.9965,62,1767.0,1.0,0.0209999999999996
MYC,Esophagus/Stomach,-0.4134816872122279,-0.6093050544612826,-0.1906545756856772,1.0,0.992,62,1856.0,1.0,0.0399130434782606
NAV2,Skin,-0.413266449205504,-0.6066590970418746,-0.2014812684622449,1.0,0.996,73,1830.0,1.0,0.0278709677419355
GAB2,CNS/Brain,-0.4128419392381766,-0.575938832868224,-0.2251611594180777,1.0,0.998,82,1937.0,1.0,0.0139354838709677
CFLAR,Skin,-0.4111676514562036,-0.5898152013771902,-0.2104705888990911,1.0,0.9985,73,1725.0,1.0,0.0140869565217386
EVA1A,CNS/Brain,-0.4111034113268288,-0.5797583356044989,-0.2146156751634089,1.0,0.9985,82,2295.0,1.0,0.0115714285714281
SMAD7,Lung,-0.410379268712656,-0.557435210029045,-0.255340085840412,1.0,1.0,123,1705.0,1.0,0.0
SOCS3,Breast,-0.4095215612857833,-0.6065848601802091,-0.1687298997036373,1.0,0.9935,50,1931.0,1.0,0.0412941176470585
PKN2,Esophagus/Stomach,-0.4094762843586463,-0.6095859415577767,-0.1969990411862516,1.0,0.9945,62,1901.0,1.0,0.0296999999999997
KLF5,CNS/Brain,-0.4084787435349269,-0.5763483205988129,-0.2262692739705747,1.0,0.999,82,1921.0,1.0,0.008
ZEB1,Lung,-0.4084493700881779,-0.5567259519840322,-0.2582735080257223,1.0,0.9995,123,2034.0,1.0,0.0022040816326528
RHD,Skin,-0.4067299664797453,-0.6003501142399732,-0.2338604479326175,1.0,0.9975,73,1837.0,1.0,0.0192857142857138
GPX8,Breast,-0.406214514007309,-0.6263912805570206,-0.1723116448466501,0.9995,0.9935,50,1922.0,1.0,0.0412941176470585
TGIF1,Lung,-0.4048785879361836,-0.5449604508414119,-0.2480904165028956,1.0,1.0,123,2081.0,1.0,0.0
MTAP,Head and Neck,-0.404481815109377,-0.5948515009515098,-0.1928610984494483,1.0,0.996,61,2043.0,1.0,0.0432
PPM1D,Esophagus/Stomach,-0.4041372072368903,-0.6283186199414195,-0.2041303759867499,1.0,0.996,62,1967.0,1.0,0.0227368421052631
DYRK1A,Lung,-0.4037388026703972,-0.5526857156489355,-0.2467867557765883,1.0,0.9995,123,1992.0,1.0,0.0022040816326528
RAPGEF2,Esophagus/Stomach,-0.4028994402384927,-0.6065532027324139,-0.1853879401854976,0.999,0.996,62,1934.0,1.0,0.0227368421052631
HMGA2,Esophagus/Stomach,-0.4028917900725399,-0.6062758296887161,-0.1980207190458534,1.0,0.9925,62,1957.0,1.0,0.0385714285714283
HIC2,Skin,-0.4024541269842694,-0.5668758933167228,-0.1938739350832579,0.9995,0.9975,73,1603.0,1.0,0.0192857142857138
KLF6,Esophagus/Stomach,-0.4020455123845238,-0.6000997446846896,-0.183450854960553,0.9995,0.9915,62,1907.0,1.0,0.0399130434782606
KLF6,Ovary/Fallopian Tube,-0.4020118166436843,-0.6051455612639927,-0.1753755968143924,0.9995,0.9915,56,1529.0,1.0,0.0458999999999997
PHLDB2,CNS/Brain,-0.4008498829255288,-0.5755463188172818,-0.207558226057998,1.0,0.998,82,1969.0,1.0,0.0139354838709677
H3C3,Lung,-0.3991649386417566,-0.54176908536624,-0.2472234380017134,1.0,1.0,123,1916.0,1.0,0.0
NEDD9,Lung,-0.399031536555754,-0.5432081753585831,-0.2465305328297913,1.0,1.0,123,2113.0,1.0,0.0
CCNE1,Lung,-0.3988775087917782,-0.5401073359197686,-0.2586503983026158,1.0,1.0,123,1876.0,1.0,0.0
HIC2,Lung,-0.3979853599417494,-0.5323265856973673,-0.2413240311091665,1.0,0.9995,123,2143.0,1.0,0.0022040816326528
NFIB,Lung,-0.3950313017219179,-0.5436459001375855,-0.2395735710410686,1.0,0.9995,123,2108.0,1.0,0.0022040816326528
CD44,Esophagus/Stomach,-0.3949681968606905,-0.6185532043159709,-0.1971418767403487,0.9995,0.9915,62,1916.0,1.0,0.0399130434782606
ZNF217,Esophagus/Stomach,-0.3945579766367009,-0.5907549608202127,-0.175094608080021,0.9995,0.9905,62,2131.0,1.0,0.0436595744680848
IRS1,Skin,-0.394523600309079,-0.5751092511252411,-0.1984870798550229,1.0,0.998,73,1904.0,1.0,0.01728
IFNE,Esophagus/Stomach,-0.394285540564444,-0.6053373778231501,-0.1774218177213027,0.9985,0.989,62,2050.0,1.0,0.0484897959183673
KCNK5,Lymphoid,-0.3934239398845252,-0.5611357194495319,-0.2214743522675408,1.0,0.9985,91,2110.0,1.0,0.012461538461538
ACTB,Lung,-0.3925687410099182,-0.5454856667720631,-0.2325663502617102,1.0,1.0,123,1904.0,1.0,0.0
CDK6,Esophagus/Stomach,-0.3916227351999194,-0.5802930095399239,-0.1739127588955993,0.999,0.993,62,2224.0,1.0,0.0368780487804878
CDH1,Skin,-0.3910423543916959,-0.581692552005683,-0.2033083111255849,1.0,0.996,73,2061.0,1.0,0.0278709677419355
GRHL2,Lung,-0.390812285817144,-0.5368866695149466,-0.2404028337707802,1.0,0.999,123,1961.0,1.0,0.0041538461538461
TRIO,Lung,-0.3902173512361604,-0.5365073703706302,-0.2381028366907523,1.0,0.999,123,1992.0,1.0,0.0041538461538461
RNF217,CNS/Brain,-0.3901913673883758,-0.5752356142608785,-0.1975355640278108,1.0,0.995,82,2153.0,1.0,0.0308571428571428
ACTG1,Head and Neck,-0.3900637883067832,-0.5840263416630822,-0.168533032668974,1.0,0.9945,61,2008.0,1.0,0.0494999999999995
MYB,Lung,-0.3895305848475244,-0.5340563104918155,-0.2314656945868983,1.0,1.0,123,2059.0,1.0,0.0
FOSL1,CNS/Brain,-0.3883001342304214,-0.5553280315664055,-0.1952848849206954,1.0,0.9995,82,1798.0,1.0,0.0044999999999995
TRPS1,Head and Neck,-0.3872719686823437,-0.5792612038496887,-0.157715267115067,1.0,0.9945,61,1791.0,1.0,0.0494999999999995
FOXA1,Esophagus/Stomach,-0.38538350880272,-0.5964992968390177,-0.1680911968264815,1.0,0.9915,62,1908.0,1.0,0.0399130434782606
RAPGEF2,Lung,-0.3847066665416203,-0.5367430005588596,-0.235576265482945,1.0,0.9995,123,2010.0,1.0,0.0022040816326528
MECOM,CNS/Brain,-0.3845017154567993,-0.5693133753827344,-0.2111753979044974,1.0,0.998,82,2166.0,1.0,0.0139354838709677
ZEB1,CNS/Brain,-0.3836949239066638,-0.5505968227916864,-0.1922983617321989,0.999,0.9955,82,1385.0,1.0,0.0294545454545451
SINHCAF,CNS/Brain,-0.3829679431367089,-0.5663595219913424,-0.1834356817911158,1.0,0.9935,82,1837.0,1.0,0.0350999999999997
ITGB5,CNS/Brain,-0.3824437118951027,-0.545070573240555,-0.1893235127747287,1.0,0.999,82,1563.0,1.0,0.008
H2BC14,Lung,-0.3788867306384049,-0.5186156166464475,-0.205429354203813,1.0,0.9995,123,1953.0,1.0,0.0022040816326528
ARL4C,Skin,-0.3772310926753802,-0.5705606151916853,-0.1782288638557418,0.999,0.9925,73,1906.0,1.0,0.0476470588235291
ZFP36L1,Lung,-0.3768660625220308,-0.518288027325728,-0.2175062581994912,1.0,1.0,123,1877.0,1.0,0.0
FAM120A,Lung,-0.3768607906172321,-0.5200670051985263,-0.2197212895141426,1.0,1.0,123,1882.0,1.0,0.0
SOCS3,CNS/Brain,-0.3764450370975236,-0.56246729159558,-0.1837537924375532,0.9995,0.9935,82,2155.0,1.0,0.0350999999999997
SNAI1,Skin,-0.3747463584262642,-0.5697933190527187,-0.1668272878545558,1.0,0.993,73,1949.0,1.0,0.04725
IGF1R,Lymphoid,-0.3743984905252839,-0.5416465075610846,-0.1744333639627112,1.0,0.998,91,2091.0,1.0,0.0154285714285714
DOCK5,CNS/Brain,-0.373495588783589,-0.5586014927611984,-0.1915985615379249,1.0,0.993,82,2112.0,1.0,0.0368780487804878
RAPGEFL1,Esophagus/Stomach,-0.3727759420821038,-0.5815183452795334,-0.1539232280408318,0.9975,0.989,62,1940.0,1.0,0.0484897959183673
LIN28B,Lung,-0.3722747808853317,-0.519987632512334,-0.2191659724519671,1.0,1.0,123,2040.0,1.0,0.0
TWIST1,CNS/Brain,-0.3686840563351183,-0.5566364340056789,-0.1666012348413452,0.9995,0.996,82,1717.0,1.0,0.027
RELA,Lung,-0.3665087074712929,-0.5225098690239935,-0.2115563324673721,1.0,0.9995,123,2039.0,1.0,0.0022040816326528
IRS2,CNS/Brain,-0.3663262928615258,-0.5300866011733847,-0.1596591667921298,1.0,0.9935,82,1964.0,1.0,0.0350999999999997
LIN28B,CNS/Brain,-0.3661336082702056,-0.5427702645746963,-0.1576533007413352,1.0,0.991,82,2159.0,1.0,0.045
VCL,CNS/Brain,-0.3652173798883141,-0.5495940433386317,-0.1708533221509331,0.9985,0.995,82,2060.0,1.0,0.0308571428571428
MTAP,Lung,-0.3639780346028504,-0.501781888097047,-0.1913685667750413,1.0,0.9995,123,2020.0,1.0,0.0022040816326528
BCL2L1,Lung,-0.3635286236613113,-0.5153978284547853,-0.2093914941539221,1.0,0.9995,123,2271.0,1.0,0.0022040816326528
YAP1,CNS/Brain,-0.3629010136872035,-0.5534322669263614,-0.1765167167260211,0.9995,0.9935,82,1904.0,1.0,0.0350999999999997
BAMBI,Lymphoid,-0.3628661845990242,-0.5493414418048732,-0.1919127044314473,1.0,0.998,91,1659.0,1.0,0.0154285714285714
PARD6B,Lung,-0.3623972382805719,-0.5202912974978811,-0.209170910464181,1.0,0.9995,123,1889.0,1.0,0.0022040816326528
LPAR1,Skin,-0.3617957321492523,-0.5500290998447801,-0.1434679324981602,0.9995,0.9925,73,2197.0,1.0,0.0476470588235291
RBM47,CNS/Brain,-0.3615677905825952,-0.5307333045969707,-0.155830496625609,1.0,0.99,82,2271.0,1.0,0.045
PXN,Lung,-0.3611903975574227,-0.5056035190977592,-0.1932170744627506,1.0,0.998,123,2271.0,1.0,0.00675
DOCK10,Lung,-0.3574693070494261,-0.5173854262002799,-0.2143762581986623,1.0,0.9995,123,2204.0,1.0,0.0022040816326528
IGF1R,Lung,-0.3563213855541577,-0.5123748548595515,-0.1986053923063818,1.0,0.999,123,1860.0,1.0,0.0041538461538461
RNF217,Lung,-0.3561388528435673,-0.504282026785472,-0.1877549826633329,1.0,0.9985,123,1764.0,1.0,0.0056842105263155
ERBB2,Lung,-0.3554603516696356,-0.5056160218762815,-0.1930844313942554,1.0,0.998,123,2140.0,1.0,0.00675
ACTG1,Lung,-0.3552834699627418,-0.4911223624654698,-0.1899211230683767,1.0,0.9975,123,1990.0,1.0,0.0083076923076921
DNAJC15,Lung,-0.3545722608469833,-0.5010657414777471,-0.191555462282114,1.0,0.9985,123,1705.0,1.0,0.0056842105263155
ILK,Lung,-0.3541432862543108,-0.5163718016973502,-0.2105493267816807,1.0,1.0,123,1775.0,1.0,0.0
CD44,Lung,-0.3539579151344997,-0.5038283257012954,-0.1998108871244686,1.0,0.9985,123,2263.0,1.0,0.0056842105263155
FDFT1,Lung,-0.3513151196081061,-0.5011388675084416,-0.201413909143414,1.0,0.9985,123,2137.0,1.0,0.0056842105263155
LPAR1,CNS/Brain,-0.347093012456302,-0.5233742195907902,-0.1418186669655103,1.0,0.99,82,1982.0,1.0,0.045
TWIST1,Lymphoid,-0.3443322274409127,-0.5296390351772209,-0.1738303815746724,1.0,0.995,91,2004.0,1.0,0.0372413793103448
TNFAIP3,Lung,-0.3441242812869256,-0.4905876463919163,-0.1728101727385544,0.9995,0.998,123,2041.0,1.0,0.00675
TEAD3,CNS/Brain,-0.3435026530778025,-0.527291597508093,-0.154071440436694,0.9995,0.994,82,2300.0,1.0,0.0350999999999997
EVA1A,Lung,-0.3432215998806451,-0.4920714466327742,-0.1805352280440346,0.9995,0.9985,123,2245.0,1.0,0.0056842105263155
ITGB5,Lung,-0.3401054251477118,-0.4882021027491638,-0.1748858074397714,1.0,0.998,123,2015.0,1.0,0.00675
SNAI1,Lung,-0.33759052530896,-0.4877004982673494,-0.1762690218574807,1.0,0.998,123,1957.0,1.0,0.00675
BAMBI,Lung,-0.3355352217096023,-0.5004969683913025,-0.1813033249780924,1.0,0.998,123,2122.0,1.0,0.00675
ITGAV,Lung,-0.3350972785890733,-0.4938630948513407,-0.1801854795841553,1.0,0.996,123,2147.0,1.0,0.0128955223880597
ERBB3,CNS/Brain,-0.3345454737111448,-0.5167143976968898,-0.1347035457908723,1.0,0.99,82,2098.0,1.0,0.045
FDFT1,Lymphoid,-0.3344355252093611,-0.5084204670493717,-0.1593766696680796,0.999,0.994,91,2081.0,1.0,0.0418064516129032
FAM83H,Lung,-0.3335952271216477,-0.4966375506830572,-0.1775405454166501,1.0,0.996,123,1854.0,1.0,0.0128955223880597
PSIP1,Lung,-0.3308567299550922,-0.4883256792083613,-0.1713608001941315,0.9995,0.9955,123,2159.0,1.0,0.0136901408450702
TRIO,CNS/Brain,-0.3305284255610416,-0.5028106888617945,-0.136367943454271,1.0,0.9925,82,2136.0,1.0,0.0385714285714283
TEAD3,Lung,-0.3303962801395732,-0.4897195184884801,-0.17585188664668,0.9995,0.9955,123,2173.0,1.0,0.0136901408450702
ZNF217,Lung,-0.3297888773640369,-0.4890280877715878,-0.1752150242266577,0.9995,0.9955,123,2174.0,1.0,0.0136901408450702
BAMBI,CNS/Brain,-0.3282142862347615,-0.5039783109954743,-0.1340780693113598,0.9985,0.9905,82,1950.0,1.0,0.045
TEAD1,CNS/Brain,-0.3281033202016675,-0.5038807214527583,-0.1339384952350269,0.9985,0.9905,82,1950.0,1.0,0.045
VCL,Lung,-0.3273439728318593,-0.4734379366521131,-0.169112963652287,1.0,0.998,123,1963.0,1.0,0.00675
KLF6,Lung,-0.3265067342230819,-0.4746330157237119,-0.1500692246631165,1.0,0.9945,123,2140.0,1.0,0.0158399999999998
CEBPB,Lung,-0.3243943948821871,-0.4712346758880517,-0.1645221528392986,1.0,0.9955,123,2202.0,1.0,0.0136901408450702
MFSD14B,Lung,-0.3242191481169976,-0.4713014312959898,-0.1642781610771153,1.0,0.995,123,2036.0,1.0,0.0145945945945946
TIPARP,Lung,-0.3213908273487086,-0.472614130538608,-0.1573259849913657,1.0,0.9935,123,2101.0,1.0,0.0184736842105261
DOCK5,Lung,-0.3159158090765644,-0.4775590512931856,-0.1586730089734704,1.0,0.9925,123,2160.0,1.0,0.0205063291139239
UBE2H,Lung,-0.3150221467066787,-0.4730631990247425,-0.1537354680064671,1.0,0.992,123,1886.0,1.0,0.0213333333333333
BCAR3,Lung,-0.3134449462804609,-0.4716452938435154,-0.1504941197584295,1.0,0.995,123,2106.0,1.0,0.0145945945945946
TRPS1,Lung,-0.3128607209212531,-0.4694356173250394,-0.1538377945630498,1.0,0.992,123,2192.0,1.0,0.0213333333333333
ACSL4,Lung,-0.3112030605638582,-0.4689684288401516,-0.146696779420154,0.9995,0.99,123,1924.0,1.0,0.0260240963855421
SKA2,Lung,-0.3108621233803811,-0.4742345991168741,-0.1485225017870854,1.0,0.9925,123,2036.0,1.0,0.0205063291139239
KRAS,Lung,-0.3103496703080081,-0.4675439605021119,-0.1563246950238714,1.0,0.995,123,2253.0,1.0,0.0145945945945946
ZNF596,Lung,-0.3071047286663068,-0.4714926114118056,-0.1367870234467032,1.0,0.993,123,1872.0,1.0,0.0196363636363636
CDKN2A,Lung,-0.3024205054291543,-0.4490810237909808,-0.1422460514353884,1.0,0.9905,123,1996.0,1.0,0.0250243902439023
IRS1,Lung,-0.3006151554134607,-0.4724116534568594,-0.139084437596507,1.0,0.988,123,2113.0,1.0,0.0308571428571428
FADD,Lung,-0.3004644704174114,-0.4706757504249721,-0.1426089692265315,1.0,0.987,123,2347.0,1.0,0.033035294117647
PHF23,Lung,-0.2973599593871993,-0.4548169369937458,-0.1403790669065361,0.9995,0.9845,123,2131.0,1.0,0.0380454545454544
CRK,Lung,-0.2886437859354773,-0.452813466443673,-0.1335488991007292,0.999,0.985,123,2339.0,1.0,0.0376744186046512
BET1L,Lung,-0.2874753466639537,-0.4334224885716478,-0.0964444998635624,0.9995,0.9815,123,2060.0,1.0,0.0439120879120878
AXL,Lung,-0.2873758666941975,-0.4533676044028891,-0.1267911246345328,0.999,0.9815,123,1990.0,1.0,0.0439120879120878
YAP1,Lung,-0.2848463667538065,-0.4362381336625072,-0.1194232575808282,0.9985,0.984,123,2186.0,1.0,0.0388314606741573
NAV2,Lung,-0.2814973633029227,-0.4424316200938247,-0.1313771626599327,0.999,0.9845,123,2359.0,1.0,0.0380454545454544
RXRA,Lung,-0.2779013224559151,-0.4439896900753349,-0.1200688632276991,0.9985,0.979,123,2036.0,1.0,0.049304347826087
YBX1,Lung,-0.2765959808831019,-0.4317383943652397,-0.1099191468421936,0.999,0.9785,123,2396.0,1.0,0.0494042553191488
JUNB,Lung,-0.2668115665983732,-0.4171495934886273,-0.104153721960409,0.999,0.9785,123,2317.0,1.0,0.0494042553191488
