gene,lineage,rho_posterior_median,rho_hdi_low,rho_hdi_high,prob_negative,prob_outside_rope,n_samples,ess_bulk,rhat,significant,fdr
LASP1,Prostate,-0.682631512163344,-0.9439579191652481,-0.2185923617604668,0.991,0.9855,10,1114.0,1.0,False,0.2160000000000002
CFLAR,Prostate,0.18608873125679337,-0.40949263638745753,0.7029567515131516,0.2885,0.7945,10,1259.0,1.0,False,0.2530434782608696
TEAD3,Prostate,0.14408682393139693,-0.4361898681316443,0.7106125168820052,0.326,0.7835,10,1354.0,1.0,False,0.2530434782608696
E2F2,Prostate,-0.19066836364991438,-0.7235142006072444,0.4025006153145323,0.7325,0.792,10,1311.0,1.0,False,0.2530434782608696
WWTR1,Prostate,-0.39128890410013173,-0.8018704804754171,0.16824893444380473,0.8905,0.8945,10,1620.0,1.0,False,0.2530434782608696
SNAI2,Prostate,-0.5010504832300469,-0.877405842192748,0.036261752455305496,0.9475,0.932,10,1326.0,1.0,False,0.2530434782608696
CD44,Prostate,-0.17287521964660202,-0.7405013034075929,0.3978449020696384,0.691,0.8045,10,1314.0,1.0,False,0.2530434782608696
GAB2,Prostate,-0.2409441120016671,-0.7292800020898769,0.36821640112254816,0.7835,0.8125,10,1418.0,1.0,False,0.2530434782608696
VCL,Prostate,-0.5723447968884828,-0.9249174330012204,-0.07437292754194896,0.968,0.9645,10,912.0,1.0,False,0.23759999999999987
TRIO,Prostate,-0.16033411579848922,-0.7685691935012153,0.3931600708094627,0.6995,0.775,10,1452.0,1.0,False,0.2530434782608696
CDH1,Prostate,-0.1330831992169945,-0.6816840837429392,0.39883069532473026,0.658,0.779,10,1486.0,1.0,False,0.2530434782608696
PHF23,Prostate,0.5098622898963283,-0.05660546379764758,0.8560509251613195,0.047,0.9385,10,1091.0,1.0,False,0.2530434782608696
FAM120A,Prostate,-0.19556712924920985,-0.7018432446994114,0.3937240570594607,0.7425,0.8045,10,1561.0,1.0,False,0.2530434782608696
BCAR1,Prostate,0.12975453054674724,-0.4496546866589087,0.6578068769316876,0.3405,0.7885,10,1585.0,1.0,False,0.2530434782608696
NCKAP1,Prostate,0.10764165304522766,-0.4312145990335845,0.6800520290399257,0.3655,0.771,10,1893.0,1.0,False,0.2530434782608696
ELMO2,Prostate,0.05787079736078071,-0.49590628029273714,0.5973072368788508,0.424,0.7375,10,1693.0,1.0,False,0.26249999999999996
PKN2,Prostate,-0.08544141479991008,-0.6248251040339579,0.5345459839044591,0.5905,0.784,10,1474.0,1.0,False,0.2530434782608696
ERBB3,Prostate,0.19452476355710335,-0.3633338093424134,0.7117082080846235,0.2665,0.812,10,1669.0,1.0,False,0.2530434782608696
YBX1,Prostate,-0.3396105258567893,-0.8109105301443604,0.25747763931510126,0.8505,0.8685,10,1572.0,1.0,False,0.2530434782608696
KLF6,Prostate,0.5418597830808033,0.008639461169902551,0.91510628542751,0.047,0.952,10,1125.0,1.0,False,0.2530434782608696
RHOA,Prostate,-0.30021452059472076,-0.7678368159653255,0.29911018245277643,0.8255,0.848,10,1445.0,1.0,False,0.2530434782608696
CBFB,Prostate,-0.40170962502288743,-0.8467935333290861,0.15317401528395092,0.889,0.8855,10,1345.0,1.0,False,0.2530434782608696
ACSL4,Prostate,-0.21187285934846392,-0.7542684202699554,0.3679916874231941,0.7505,0.804,10,1381.0,1.0,False,0.2530434782608696
AP1M1,Prostate,0.17996432611311264,-0.42726058918736,0.6831684473545954,0.288,0.8025,10,1474.0,1.0,False,0.2530434782608696
TP63,Prostate,-0.795030690907601,-0.9665431890181604,-0.447358560713158,0.9975,0.997,10,874.0,1.0,False,0.15119999999999775
FERMT2,Prostate,-0.4200427968447916,-0.8639633678289567,0.11039971403984938,0.9095,0.8995,10,1509.0,1.0,False,0.2530434782608696
ACTB,Prostate,-0.24665847876458777,-0.732985942295131,0.3366297619447354,0.785,0.828,10,1541.0,1.0,False,0.2530434782608696
FGFR1,Prostate,-0.22021152000198554,-0.7528178236639524,0.3100728091400995,0.7615,0.803,10,1431.0,1.0,False,0.2530434782608696
FDFT1,Prostate,-0.2179822929399297,-0.7295297292035605,0.3530550711866738,0.75,0.779,10,1348.0,1.0,False,0.2530434782608696
ITGB5,Prostate,-0.16564305751654185,-0.6790603950575276,0.4205921488758988,0.6925,0.7905,10,1807.0,1.0,False,0.2530434782608696
GRHL2,Prostate,-0.6080245008734759,-0.919675205248289,-0.11446401272966616,0.9755,0.976,10,1058.0,1.0,False,0.2160000000000002
ZNF671,Prostate,-0.07311346653253845,-0.6353514101077782,0.46889755786815623,0.581,0.7585,10,1413.0,1.0,False,0.2530434782608696
MECOM,Prostate,-0.39033337159567105,-0.807895005473573,0.20511386753391458,0.8915,0.8875,10,1024.0,1.0,False,0.2530434782608696
PXN,Prostate,-0.20494262404888627,-0.6873181595445179,0.39500205498978613,0.7275,0.8,10,1809.0,1.0,False,0.2530434782608696
HECTD1,Prostate,-0.10117477645246017,-0.6500223787629436,0.47357236363975974,0.622,0.77,10,1475.0,1.0,False,0.2530434782608696
EZR,Prostate,-0.4614448802383312,-0.8898702742833828,0.05181707199332197,0.932,0.9245,10,1275.0,1.0,False,0.2530434782608696
BAMBI,Prostate,0.025046236075127015,-0.5215008317613732,0.6147026650814085,0.4775,0.7685,10,1650.0,1.0,False,0.2530434782608696
MTAP,Prostate,0.18149952739408226,-0.41155535688921896,0.6919574413031448,0.274,0.8015,10,1532.0,1.0,False,0.2530434782608696
EP300,Prostate,-0.6374284261865466,-0.9231194241747369,-0.1457059271138385,0.986,0.9775,10,1140.0,1.0,False,0.2160000000000002
PSMB5,Prostate,-0.16163089280686527,-0.7219102375459407,0.4331514031207211,0.685,0.799,10,1467.0,1.0,False,0.2530434782608696
CDC25B,Prostate,-0.12144853244092435,-0.6857477834850259,0.4533138219840147,0.66,0.777,10,1516.0,1.0,False,0.2530434782608696
FERMT1,Prostate,-0.5610513326851928,-0.9032277140343181,-0.034908989474989216,0.965,0.9575,10,1155.0,1.0,False,0.24646153846153837
SMAD7,Prostate,-0.29276840735501874,-0.7743892264897014,0.27783010901946614,0.815,0.838,10,1633.0,1.0,False,0.2530434782608696
PIM2,Prostate,-0.418383939939066,-0.8236599988414397,0.15431314854623657,0.9125,0.903,10,1132.0,1.0,False,0.2530434782608696
KLF5,Prostate,-0.7639862343820116,-0.9634654912007643,-0.3810060356178541,0.9975,0.994,10,933.0,1.0,False,0.2160000000000002
ELMO3,Prostate,0.19468980449570916,-0.403117498359101,0.7012736168050742,0.2685,0.799,10,1489.0,1.0,False,0.2530434782608696
ESRP2,Prostate,0.05858520284600055,-0.5297391545510792,0.6139581477739684,0.423,0.7645,10,1498.0,1.0,False,0.2530434782608696
TRPS1,Prostate,-0.17354694733518206,-0.7063561342299165,0.41148412007887325,0.7135,0.793,10,1490.0,1.0,False,0.2530434782608696
CCNE1,Prostate,-0.28961512935305533,-0.7772733952090811,0.28268534131683376,0.825,0.826,10,1612.0,1.0,False,0.2530434782608696
CDK6,Prostate,-0.46738679880212597,-0.871704548190686,0.08584374547202644,0.933,0.919,10,1285.0,1.0,False,0.2530434782608696
GATA3,Prostate,-0.29260125056811603,-0.7572004973272692,0.32111939796639,0.815,0.8315,10,1658.0,1.0,False,0.2530434782608696
TWNK,Prostate,0.237190078615229,-0.3634347745341979,0.7435096347465622,0.224,0.82,10,1451.0,1.0,False,0.2530434782608696
RAPGEFL1,Prostate,-0.6870063015727816,-0.9362884444502813,-0.23921186397922245,0.989,0.982,10,977.0,1.0,False,0.2160000000000002
RAPGEF2,Prostate,-0.22386395886096913,-0.7532424249673497,0.383589485336401,0.7605,0.8185,10,1419.0,1.0,False,0.2530434782608696
CCND1,Prostate,-0.381882514614038,-0.8416628961357779,0.16078340120075585,0.884,0.882,10,1224.0,1.0,False,0.2530434782608696
ATP5F1B,Prostate,-0.14495720750798477,-0.6618667465215107,0.46105743316715597,0.6575,0.792,10,1191.0,1.0,False,0.2530434782608696
KRT18,Prostate,0.03556044850876383,-0.5476808303055509,0.5928836124179169,0.46,0.77,10,1347.0,1.0,False,0.2530434782608696
ELK3,Prostate,-0.19329236896251523,-0.7281958761609606,0.3883639780256345,0.7125,0.7975,10,1779.0,1.0,False,0.2530434782608696
NEDD9,Prostate,-0.2996477520298162,-0.7737526685223475,0.2504308325787017,0.826,0.8355,10,1405.0,1.0,False,0.2530434782608696
PTP4A1,Prostate,-0.8375025804994314,-0.9793871518431758,-0.5075245474231225,0.997,0.9975,10,644.0,1.0,False,0.15119999999999775
CCND3,Prostate,-0.028106557218574607,-0.6290846102585039,0.5406247103633437,0.539,0.776,10,1297.0,1.0,False,0.2530434782608696
BCL6,Prostate,-0.6569079952803012,-0.9407718417068796,-0.2201640171810504,0.9885,0.9815,10,911.0,1.0,False,0.2160000000000002
EVA1A,Prostate,0.278159035004389,-0.262648445644845,0.7902284123366514,0.183,0.8445,10,1213.0,1.0,False,0.2530434782608696
DOCK7,Prostate,-0.35042363474633176,-0.7941710608968795,0.24193762876852176,0.8645,0.8635,10,1307.0,1.0,False,0.2530434782608696
AKT3,Prostate,-0.40375596371402644,-0.8403494382151329,0.132923407127159,0.9085,0.901,10,1338.0,1.0,False,0.2530434782608696
F3,Prostate,-0.2694385733009833,-0.7340358977585049,0.3252771633308207,0.7915,0.836,10,1467.0,1.0,False,0.2530434782608696
TNFAIP3,Prostate,-0.7358063110217904,-0.9590014137234837,-0.3185473029207655,0.9965,0.993,10,950.0,1.0,False,0.2160000000000002
MYB,Prostate,0.4557463890611314,-0.08552475392460335,0.8793310796434031,0.076,0.9115,10,1348.0,1.0,False,0.2530434782608696
SGK1,Prostate,0.5404835041343979,0.03023567332783017,0.8954636552971731,0.0375,0.9515,10,1410.0,1.0,False,0.2530434782608696
CCND2,Prostate,-0.22935594740058443,-0.7198893423417585,0.39376498881980093,0.7455,0.828,10,1368.0,1.0,False,0.2530434782608696
YPEL5,Prostate,0.27326642317267713,-0.28279434897156014,0.7727435825025923,0.204,0.8245,10,1560.0,1.0,False,0.2530434782608696
DNAJC15,Prostate,-0.11448473708163012,-0.6369827255792182,0.46580902284045633,0.6275,0.779,10,1742.0,1.0,False,0.2530434782608696
DUSP4,Prostate,-0.4783175248620214,-0.8600680496908313,0.07316982781345671,0.932,0.928,10,1486.0,1.0,False,0.2530434782608696
TWIST1,Prostate,0.1461495654736582,-0.4044916014986457,0.7117577551954735,0.3285,0.7875,10,1664.0,1.0,False,0.2530434782608696
PARD6B,Prostate,-0.04395712108388264,-0.5791310132407212,0.5345320077159146,0.555,0.7545,10,1367.0,1.0,False,0.25369811320754715
ZNFX1,Prostate,0.10172912731968098,-0.4899319610521245,0.6398075840906201,0.3655,0.762,10,1520.0,1.0,False,0.2530434782608696
SNAI1,Prostate,0.08541321278346181,-0.5058341672162578,0.6373570851903041,0.3845,0.768,10,1319.0,1.0,False,0.2530434782608696
SOX9,Prostate,-0.13000464769944664,-0.6996137330405658,0.45921044241527187,0.667,0.7655,10,1369.0,1.0,False,0.2530434782608696
PAX8,Prostate,0.6454508963544798,0.17365002845684074,0.9344787585302288,0.0205,0.976,10,1136.0,1.0,False,0.2160000000000002
FOXA2,Prostate,-0.6632425477068228,-0.9316120630094189,-0.22203555383466678,0.9915,0.9845,10,940.0,1.0,False,0.2160000000000002
SMARCA4,Prostate,-0.08350477044062618,-0.6067869929328931,0.4905357169085556,0.612,0.746,10,1574.0,1.0,False,0.25637383177570094
PPAT,Prostate,-0.506535899307807,-0.899879631983433,-0.00127737961225588,0.9545,0.9485,10,1239.0,1.0,False,0.2530434782608696
FOXA1,Prostate,-0.9090376425073522,-0.9918534455389156,-0.7071708751486139,1.0,0.999,10,694.0,1.0,False,0.15119999999999775
PPARG,Prostate,0.11465164051851018,-0.4937754058621646,0.6689465587430852,0.3625,0.7755,10,1513.0,1.0,False,0.2530434782608696
BTBD3,Prostate,-0.5870732877870702,-0.9192050300922321,-0.09711258895550201,0.972,0.9675,10,1245.0,1.01,False,0.2339999999999998
BTG1,Prostate,-0.5381034588125883,-0.8710484547686554,-0.00946384703343317,0.963,0.956,10,1375.0,1.0,False,0.24646153846153837
KRAS,Prostate,-0.023789069278543934,-0.5986167982232538,0.5776275192325451,0.528,0.761,10,1263.0,1.0,False,0.2530434782608696
DOCK2,Prostate,0.031080899757393587,-0.5380951004101415,0.6291074248859121,0.469,0.78,10,1155.0,1.0,False,0.2530434782608696
MDM2,Prostate,-0.1379331740655551,-0.7034159483350189,0.4503442864759617,0.668,0.775,10,1092.0,1.0,False,0.2530434782608696
SP110,Prostate,-0.38892195174968114,-0.8308417698361485,0.19447684525422737,0.8775,0.8755,10,1174.0,1.0,False,0.2530434782608696
DOCK10,Prostate,-0.5401659402286689,-0.9027118712660998,-0.0400894692896388,0.964,0.9555,10,1339.0,1.0,False,0.24646153846153837
TNS3,Prostate,-0.3075038869471396,-0.7874654902284999,0.2730529334344509,0.8235,0.8525,10,1433.0,1.0,False,0.2530434782608696
RAC1,Prostate,0.36225295791466894,-0.23091129277273698,0.8162110347372045,0.1455,0.873,10,1605.0,1.0,False,0.2530434782608696
MYC,Prostate,-0.3094304938194006,-0.7761933178149525,0.2621754959490634,0.8265,0.8375,10,1566.0,1.0,False,0.2530434782608696
PIM1,Prostate,0.28745076785630186,-0.30683422808930017,0.7942287221172721,0.178,0.8385,10,1171.0,1.0,False,0.2530434782608696
TFAP2A,Prostate,-0.2590916157212543,-0.7313218245528492,0.3067794941230879,0.7985,0.8205,10,1480.0,1.0,False,0.2530434782608696
IRF4,Prostate,0.48788899557868015,-0.06280159440218003,0.8576516004413368,0.0615,0.9335,10,1436.0,1.0,False,0.2530434782608696
YAP1,Prostate,0.007521227644400885,-0.5975780816110097,0.5486769529480178,0.493,0.764,10,1535.0,1.0,False,0.2530434782608696
BCAR3,Prostate,-0.1643463392883042,-0.7436205244928082,0.3961116065642962,0.6855,0.796,10,1206.0,1.01,False,0.2530434782608696
ARHGAP29,Prostate,-0.2140220570097558,-0.7456723431337209,0.37051568554302583,0.7455,0.8035,10,1726.0,1.0,False,0.2530434782608696
ACTR1A,Prostate,0.11414711638155217,-0.46161320135023587,0.6591101978983525,0.357,0.7575,10,1399.0,1.0,False,0.2530434782608696
ATIC,Prostate,-0.6438635504752462,-0.9320873618086185,-0.18851969742567598,0.986,0.9795,10,933.0,1.0,False,0.2160000000000002
ITGAV,Prostate,0.702654078553308,0.25653148969349915,0.9449289809225991,0.01,0.988,10,889.0,1.0,False,0.2160000000000002
PPCDC,Prostate,-0.2746533301991668,-0.775025855565816,0.29906575350617315,0.8065,0.847,10,1579.0,1.0,False,0.2530434782608696
SINHCAF,Prostate,-0.4967277469377648,-0.8730213140483127,0.06197597118442477,0.9435,0.9345,10,1086.0,1.0,False,0.2530434782608696
IGF1R,Prostate,-0.4327293726266993,-0.8329656435167927,0.13393514723378264,0.9205,0.918,10,1268.0,1.0,False,0.2530434782608696
ERBB2,Prostate,0.06960877440407487,-0.4873821844032271,0.6350769184461358,0.4165,0.775,10,1676.0,1.0,False,0.2530434782608696
DUSP10,Prostate,-0.20293595017533878,-0.7420417650308584,0.368145712699224,0.72,0.823,10,1298.0,1.0,False,0.2530434782608696
PHLDB2,Prostate,0.22212770494860046,-0.3423193781004521,0.7609755055661729,0.2525,0.8165,10,1223.0,1.0,False,0.2530434782608696
MYO10,Prostate,-0.33937179285134755,-0.8059750570288795,0.24632146745861627,0.8615,0.853,10,1382.0,1.0,False,0.2530434782608696
RNF217,Prostate,-0.3385242449373719,-0.82128519055364,0.23504119810522806,0.848,0.8685,10,1583.0,1.0,False,0.2530434782608696
EGFR,Prostate,-0.6247104316869968,-0.9024030476632572,-0.14914091099618965,0.982,0.9765,10,1097.0,1.0,False,0.2160000000000002
IGFBP3,Prostate,-0.266028540589181,-0.7504263664956421,0.36808712143142475,0.804,0.8435,10,1240.0,1.0,False,0.2530434782608696
MSN,Prostate,-0.10222881888490684,-0.6321955277613653,0.49547117541228314,0.628,0.777,10,1597.0,1.0,False,0.2530434782608696
DOCK5,Prostate,-0.18785826230975364,-0.7480491343264424,0.3836255916268858,0.738,0.785,10,1493.0,1.0,False,0.2530434782608696
NFIB,Prostate,-0.8303617704947568,-0.9738395867096064,-0.4972618465070513,0.9985,0.9975,10,763.0,1.0,False,0.15119999999999775
CDKN2A,Prostate,0.06790456119540533,-0.4986578902916443,0.6060913970618798,0.4115,0.7485,10,1536.0,1.0,False,0.2550422535211267
MFSD14B,Prostate,-0.4322728963855731,-0.8464923559200477,0.13408057108333837,0.916,0.9105,10,1409.0,1.01,False,0.2530434782608696
UGCG,Prostate,-0.6928141679920855,-0.951309390527723,-0.2750268387315989,0.9875,0.984,10,972.0,1.0,False,0.2160000000000002
PARD3,Prostate,-0.1672385493899344,-0.728599110061557,0.4179818286806194,0.6915,0.793,10,1332.0,1.0,False,0.2530434782608696
ZEB1,Prostate,-0.42186906333045204,-0.8569023754543059,0.13948167808152379,0.91,0.906,10,1170.0,1.0,False,0.2530434782608696
TCF7L2,Prostate,0.3391692814756404,-0.23987632567838219,0.8095413049873417,0.1505,0.865,10,1514.0,1.0,False,0.2530434782608696
INA,Prostate,-0.24069208770529965,-0.7435089691126069,0.35751906014720913,0.77,0.832,10,1465.0,1.0,False,0.2530434782608696
HMGA2,Prostate,-0.28261102555932915,-0.7345688985012002,0.30702313455292773,0.8135,0.8335,10,1721.0,1.0,False,0.2530434782608696
EPS8,Prostate,-0.14880940865843628,-0.7211850058966869,0.43277522389569123,0.677,0.7915,10,1342.0,1.0,False,0.2530434782608696
SACS,Prostate,0.11657790604821361,-0.4933374495252738,0.6348027236701235,0.363,0.785,10,1420.0,1.0,False,0.2530434782608696
MBNL1,Prostate,-0.5497328802684577,-0.8936537665990654,-0.012877898912347474,0.961,0.957,10,1402.0,1.0,False,0.24646153846153837
CMIP,Prostate,-0.615682513318527,-0.9120204924726156,-0.08910247161468193,0.978,0.966,10,1004.0,1.0,False,0.23690322580645182
MSI2,Prostate,0.08813619069605338,-0.4848150777981617,0.6248892427976971,0.3825,0.7525,10,1548.0,1.0,False,0.25369811320754715
ADAMTS1,Prostate,-0.04274756330389004,-0.6033798644258221,0.5377485650616274,0.5485,0.762,10,1663.0,1.0,False,0.2530434782608696
DYRK1A,Prostate,-0.3010353949800181,-0.7969158786193624,0.26614491824665887,0.8395,0.8585,10,1524.0,1.0,False,0.2530434782608696
ZBTB7B,Prostate,-0.7226844557651999,-0.9572444243556348,-0.29842569971171073,0.993,0.9885,10,1082.0,1.0,False,0.2160000000000002
SQSTM1,Prostate,0.07486596769953824,-0.4793471941916869,0.6222969132766571,0.4175,0.7575,10,1684.0,1.0,False,0.2530434782608696
TIPARP,Prostate,-0.4895881971449012,-0.8886592803866025,0.03369041698296549,0.946,0.933,10,1265.0,1.0,False,0.2530434782608696
RBM47,Prostate,-0.49406643118922455,-0.8844126476296277,0.04260058691712132,0.947,0.9385,10,1502.0,1.0,False,0.2530434782608696
H2AZ1,Prostate,0.0055858197360595385,-0.5189787383039068,0.6317315679259878,0.4925,0.7545,10,1488.0,1.0,False,0.25369811320754715
ANAPC10,Prostate,-0.19710109730427713,-0.740207961674594,0.37000367952296975,0.731,0.794,10,1572.0,1.0,False,0.2530434782608696
GPX8,Prostate,0.13171250686668712,-0.4561162391058591,0.6697941007805108,0.336,0.763,10,1464.0,1.0,False,0.2530434782608696
CITED2,Prostate,-0.7389443084388344,-0.9667424782391782,-0.3466692336574137,0.991,0.992,10,995.0,1.0,False,0.2160000000000002
KCNK5,Prostate,-0.662467812008332,-0.9379511057663514,-0.17410162965665993,0.986,0.9775,10,906.0,1.0,False,0.2160000000000002
PSIP1,Prostate,-0.15214997848887704,-0.6745103451563286,0.4495997933765896,0.6855,0.7905,10,1718.0,1.0,False,0.2530434782608696
PCBD1,Prostate,-0.464198231727578,-0.8554514669746689,0.12435174466032817,0.9285,0.9315,10,1358.0,1.0,False,0.2530434782608696
ILK,Prostate,0.09301357355084061,-0.475053391062924,0.6493386084476085,0.384,0.759,10,1501.0,1.0,False,0.2530434782608696
B2M,Prostate,0.036000420514919584,-0.5374326629153034,0.5611765138937401,0.46,0.751,10,1744.0,1.0,False,0.25369811320754715
NAV2,Prostate,-0.16132722861354068,-0.7001830327562542,0.39471846814116107,0.688,0.783,10,1646.0,1.0,False,0.2530434782608696
CRK,Prostate,0.09652993490555117,-0.47880576183861234,0.6402155351256125,0.383,0.78,10,1495.0,1.0,False,0.2530434782608696
AXL,Prostate,-0.6376513476712368,-0.9408373218525272,-0.1644028186683752,0.9825,0.9715,10,1259.0,1.0,False,0.2339999999999998
SPINT2,Prostate,0.06579685990732398,-0.5449459354771797,0.5866195263700911,0.4195,0.752,10,1610.0,1.0,False,0.25369811320754715
CTNNB1,Prostate,0.24823256742620725,-0.292250787815954,0.7917921974857391,0.221,0.824,10,1496.0,1.0,False,0.2530434782608696
FADD,Prostate,0.256406699456727,-0.40748497707673836,0.6962401805864928,0.2105,0.8195,10,1393.0,1.0,False,0.2530434782608696
IRF2BP2,Prostate,0.06860767760432063,-0.5129988011936484,0.6339119209805479,0.4225,0.7725,10,1290.0,1.0,False,0.2530434782608696
ARF4,Prostate,-0.5665798947789737,-0.9040157780904512,-0.049903774485824004,0.9695,0.9615,10,965.0,1.0,False,0.23759999999999987
ZNF608,Prostate,0.015790174969637638,-0.565179315040014,0.570774161573345,0.4815,0.771,10,1499.0,1.0,False,0.2530434782608696
IRS1,Prostate,0.32687778076292273,-0.26593224576445196,0.7930992581685041,0.166,0.8545,10,1397.0,1.0,False,0.2530434782608696
ZEB2,Prostate,0.09203712607520531,-0.49125788351054606,0.6404355568659266,0.3905,0.77,10,1548.0,1.0,False,0.2530434782608696
HIC2,Prostate,0.12715690983826988,-0.4585814135553872,0.6490020864822765,0.3505,0.78,10,1671.0,1.0,False,0.2530434782608696
GABARAP,Prostate,-0.5407409303382401,-0.884818838014547,-0.001855585109892699,0.9545,0.941,10,1222.0,1.0,False,0.2530434782608696
CDH2,Prostate,-0.31199706133207694,-0.7677002255966232,0.29030244882817025,0.8405,0.8585,10,1500.0,1.0,False,0.2530434782608696
PPM1D,Prostate,-0.4680010532790294,-0.8758920534808214,0.05023013106918839,0.9385,0.925,10,1219.0,1.0,False,0.2530434782608696
JUNB,Prostate,-0.6277532055581778,-0.9310031977395892,-0.1592675488760515,0.98,0.9785,10,944.0,1.0,False,0.2160000000000002
BCL2L1,Prostate,-0.4036507457848002,-0.8291850617653693,0.16293659082374456,0.904,0.897,10,1502.0,1.0,False,0.2530434782608696
PIK3CD,Prostate,-0.33011690717051184,-0.8321348361436096,0.19471598681293867,0.8515,0.8615,10,1167.0,1.0,False,0.2530434782608696
BCL2,Prostate,0.58478648327356,0.09469318491933798,0.9179864709229377,0.03,0.9675,10,1461.0,1.0,False,0.2339999999999998
ZNF217,Prostate,-0.39913958592647236,-0.817236987076237,0.17221763998676032,0.8985,0.886,10,1588.0,1.0,False,0.2530434782608696
CEBPB,Prostate,-0.04856655906626406,-0.659590977071632,0.47172349711104666,0.568,0.7415,10,1486.0,1.0,False,0.25970232558139533
PPP1CA,Prostate,-0.700231978818904,-0.9418294505582865,-0.2868983300563061,0.995,0.991,10,963.0,1.0,False,0.2160000000000002
ZNF596,Prostate,-0.3193803447759155,-0.7996876797669115,0.2931965804975649,0.834,0.857,10,1617.0,1.0,False,0.2530434782608696
RELA,Prostate,-0.29008901691908207,-0.757092929656253,0.30513620173189593,0.811,0.8355,10,1308.0,1.0,False,0.2530434782608696
RAPH1,Prostate,0.2992867307414091,-0.29202325984247657,0.7927853118760868,0.184,0.8575,10,1466.0,1.0,False,0.2530434782608696
DENND4A,Prostate,0.052227928997771955,-0.5465562587824129,0.6038357134905576,0.4275,0.7595,10,1861.0,1.0,False,0.2530434782608696
CCNE2,Prostate,-0.48024225307054536,-0.8587929107919321,0.05400788790638811,0.9415,0.9355,10,1500.0,1.0,False,0.2530434782608696
FOSL1,Prostate,-0.326207886992253,-0.7879117055681406,0.22237657680772838,0.8515,0.856,10,1343.0,1.0,False,0.2530434782608696
DMRTA1,Prostate,-0.5463500530508834,-0.904448767463865,-0.02909171280269951,0.9585,0.963,10,1201.0,1.0,False,0.23759999999999987
B3GNT5,Prostate,-0.3745550027975627,-0.8130756769452963,0.2108213783423325,0.8915,0.889,10,1088.0,1.0,False,0.2530434782608696
RPS6KA3,Prostate,-0.1967811956941956,-0.6741557340714561,0.45135020507443424,0.7175,0.7955,10,1514.0,1.0,False,0.2530434782608696
TGIF1,Prostate,-0.41748688151044033,-0.8470643217462377,0.1374641309009481,0.9005,0.891,10,1499.0,1.0,False,0.2530434782608696
JUN,Prostate,0.37653245814387293,-0.22594485777133994,0.8144172025681444,0.1235,0.8925,10,998.0,1.0,False,0.2530434782608696
BET1L,Prostate,-0.598225320922755,-0.9178222519549759,-0.08329694659432235,0.971,0.968,10,979.0,1.01,False,0.2339999999999998
GLIPR1L2,Prostate,0.11238600298638735,-0.5058906110737806,0.6749909729892125,0.378,0.792,10,1385.0,1.0,False,0.2530434782608696
FAM83H,Prostate,-0.12416680304671857,-0.639883317185749,0.4770909569335495,0.6555,0.7635,10,1707.0,1.0,False,0.2530434782608696
SOX2,Prostate,0.14287136158708147,-0.39572237103143815,0.7176933251706172,0.324,0.773,10,1676.0,1.0,False,0.2530434782608696
COPG1,Prostate,-0.15774467889652832,-0.7100870264765258,0.4137973322094024,0.67,0.783,10,1473.0,1.0,False,0.2530434782608696
EXT1,Prostate,-0.20660661833062297,-0.7491021777979943,0.34649835006539753,0.7295,0.7965,10,1694.0,1.0,False,0.2530434782608696
SKA2,Prostate,-0.1127818251602003,-0.6863569232570117,0.45491876898905326,0.6365,0.7775,10,1462.0,1.0,False,0.2530434782608696
ACTG1,Prostate,-0.437601765785977,-0.856234218954584,0.12485445838309173,0.912,0.914,10,1271.0,1.0,False,0.2530434782608696
EFNA5,Prostate,-0.20783292855514593,-0.7241600876070404,0.40196664507014135,0.741,0.816,10,1111.0,1.0,False,0.2530434782608696
SOCS3,Prostate,0.3712774418060989,-0.1840201317679186,0.8075469134380338,0.1145,0.873,10,1546.0,1.0,False,0.2530434782608696
IFNE,Prostate,-0.21293513048834062,-0.7313921018764711,0.3709116732864588,0.75,0.805,10,1500.0,1.0,False,0.2530434782608696
MAFF,Prostate,-0.0675941185549093,-0.6076398205415918,0.5457231579031703,0.5695,0.7785,10,1395.0,1.0,False,0.2530434782608696
ZFP36L1,Prostate,-0.20202514686394374,-0.722117635282878,0.3724243189329013,0.7315,0.808,10,1482.0,1.0,False,0.2530434782608696
IRS2,Prostate,-0.7499662375630355,-0.9581519828132552,-0.32323536760495974,0.9915,0.9885,10,899.0,1.0,False,0.2160000000000002
RXRA,Prostate,-0.1893368157564419,-0.7350510209450651,0.35551787713868066,0.722,0.7985,10,1589.0,1.0,False,0.2530434782608696
UBE2H,Prostate,-0.3160067906885131,-0.7933689345885893,0.25589553718455504,0.8425,0.86,10,1120.0,1.0,False,0.2530434782608696
RHD,Prostate,-0.21726227977178694,-0.7250400799935881,0.37334664471009305,0.74,0.797,10,1582.0,1.0,False,0.2530434782608696
TEAD1,Prostate,0.06547400368650258,-0.5144728697283285,0.6149337287198182,0.425,0.7645,10,1723.0,1.0,False,0.2530434782608696
MITF,Prostate,-0.18347635339177484,-0.7461042387254178,0.36344751203002623,0.7215,0.7995,10,1565.0,1.0,False,0.2530434782608696
PTMA,Prostate,0.004139954778877852,-0.5393177561384086,0.5956231496469744,0.4935,0.761,10,1627.0,1.0,False,0.2530434782608696
LIN28B,Prostate,-0.3998205558867224,-0.8197310317298723,0.1635571656077841,0.8975,0.8975,10,1398.0,1.0,False,0.2530434782608696
ARL4C,Prostate,0.19297480108563048,-0.3815819139966519,0.6943055099579984,0.265,0.802,10,1590.0,1.0,False,0.2530434782608696
TUBB,Prostate,-0.5972859775316021,-0.9130155407902998,-0.1143499708839466,0.981,0.9695,10,1145.0,1.0,False,0.2339999999999998
SRC,Prostate,-0.1612969258153328,-0.6697907962629066,0.4410605915105301,0.7005,0.7785,10,1632.0,1.0,False,0.2530434782608696
LPAR1,Prostate,-0.2679566611776183,-0.7093428849642907,0.3151622774919889,0.7875,0.828,10,1599.0,1.0,False,0.2530434782608696
KLHL9,Prostate,-0.019068711327684396,-0.6282224302324055,0.5526336223338941,0.519,0.778,10,1544.0,1.0,False,0.2530434782608696
LDB1,Prostate,-0.09827649695402974,-0.6247780258328783,0.4567676135116343,0.6285,0.7615,10,1673.0,1.0,False,0.2530434782608696
TSPAN4,Prostate,0.4916042290034369,-0.08373148014533388,0.8736566523899649,0.0635,0.9385,10,1135.0,1.0,False,0.2530434782608696
ASCL5,Prostate,-0.38572284640987475,-0.81373079013518,0.19114352743624052,0.883,0.887,10,1331.0,1.0,False,0.2530434782608696
ITGB3,Prostate,-0.37876561045836593,-0.8052188020938291,0.18470166198579263,0.8885,0.8815,10,1366.0,1.0,False,0.2530434782608696
RPL17,Prostate,-0.5112233779381492,-0.8546793603345149,0.035814449076801314,0.951,0.9375,10,1235.0,1.0,False,0.2530434782608696
H2BC14,Prostate,-0.3855064676439481,-0.8176080323503236,0.19573315066376917,0.888,0.8875,10,1256.0,1.0,False,0.2530434782608696
H2BC8,Prostate,0.21096964240473615,-0.38999541328470716,0.7132271265259522,0.272,0.8135,10,1633.0,1.0,False,0.2530434782608696
H3C8,Prostate,-0.37879278838853925,-0.8019658971061341,0.21518158429839396,0.87,0.888,10,1298.0,1.0,False,0.2530434782608696
H4C13,Prostate,-0.5481439715984493,-0.9053403350340361,-0.04821179977010437,0.968,0.9615,10,1400.0,1.0,False,0.23759999999999987
HNF1B,Prostate,-0.7651709837181575,-0.9532513051141236,-0.37415735165862024,0.997,0.9965,10,820.0,1.0,False,0.15119999999999775
H3C7,Prostate,-0.6331392432975019,-0.9228416044502561,-0.11352223658872407,0.979,0.971,10,881.0,1.0,False,0.2339999999999998
H2BC10,Prostate,0.19801079270817645,-0.3679424174382846,0.7348776865213071,0.259,0.7975,10,1490.0,1.0,False,0.2530434782608696
H3C3,Prostate,0.43781037705787373,-0.12031737469762499,0.8422049580814501,0.0855,0.912,10,1367.0,1.0,False,0.2530434782608696
